GA,-1,-1,4000,名詞,一般,*,*,*,*,GA,ジーエー
iGA,-1,-1,3000,名詞,一般,*,*,*,*,iGA,アイジーエー
Genetic Algorithm,-1,-1,4000,名詞,一般,*,*,*,*,Genetic Algorithm,ジェネティックアルゴリズム
SA,-1,-1,4000,名詞,一般,*,*,*,*,SA,エスエー
Simulated Annealing,-1,-1,4000,名詞,一般,*,*,*,*,Simulated Annealing,シミュレーテッドアニーリング
MOGA,-1,-1,4000,名詞,一般,*,*,*,*,MOGA,エムオージーエー
ga2k,-1,-1,4000,名詞,一般,*,*,*,*,ga2k,ジーエーツーケー
MOSA,-1,-1,4000,名詞,一般,*,*,*,*,MOSA,エムオーエスーエー
DGA,-1,-1,3000,名詞,一般,*,*,*,*,DGA,ディージーエー
PSO,-1,-1,4000,名詞,一般,*,*,*,*,PSO,ピーエスオー
NSGAII,-1,-1,4000,名詞,一般,*,*,*,*,NSGAII,エヌエスジーエーツー
NSGA-II,-1,-1,4000,名詞,一般,*,*,*,*,NSGA-II,エヌエスジーエーツー
対話型遺伝的アルゴリズム,-1,-1,3000,名詞,一般,*,*,*,*,対話型遺伝的アルゴリズム,タイワガタイデンテキアルゴリズム
遺伝的アルゴリズム,-1,-1,4000,名詞,一般,*,*,*,*,遺伝的アルゴリズム,イデンテキアルゴリズム
山登り法,-1,-1,4000,名詞,一般,*,*,*,*,山登り法,ヤマノボリホウ
確率的山登り法,-1,-1,3000,名詞,一般,*,*,*,*,確率的山登り法,カクリツテキヤマノボリホウ
強化学習,-1,-1,4000,名詞,一般,*,*,*,*,強化学習,キョウカガクシュウ
進化的画像処理,-1,-1,3000,名詞,一般,*,*,*,*,進化的画像処理,シンカテキガゾウショリ
画像処理,-1,-1,4000,名詞,一般,*,*,*,*,画像処理,ガゾウショリ
立体構造,-1,-1,4000,名詞,一般,*,*,*,*,立体構造,リッタイコウゾウ
立体構造予測,-1,-1,3000,名詞,一般,*,*,*,*,立体構造予測,リッタイコウゾウヨソク
位相構造,-1,-1,4000,名詞,一般,*,*,*,*,位相構造,イソウコウゾウ
知的照明,-1,-1,4000,名詞,一般,*,*,*,*,知的照明,チテキショウメイ
最適解,-1,-1,4000,名詞,一般,*,*,*,*,最適解,サイテキカイ
局所解,-1,-1,4000,名詞,一般,*,*,*,*,局所解,キョクショカイ
最適化,-1,-1,4000,名詞,一般,*,*,*,*,最適化,サイテキカ
並列化,-1,-1,4000,名詞,一般,*,*,*,*,並列化,ヘイレツカ
仮想化,-1,-1,4000,名詞,一般,*,*,*,*,仮想化,カソウカ
可視化,-1,-1,4000,名詞,一般,*,*,*,*,可視化,カシカ
グリッド化,-1,-1,4000,名詞,一般,*,*,*,*,グリッド化,グリッドカ
近傍固体,-1,-1,4000,名詞,一般,*,*,*,*,近傍固体,キンボウコタイ
評価関数,-1,-1,4000,名詞,一般,*,*,*,*,評価関数,ヒョウカカンスウ
適合度,-1,-1,4000,名詞,一般,*,*,*,*,適合度,テキゴウド
評価値,-1,-1,4000,名詞,一般,*,*,*,*,評価値,ヒョウカチ
設計変数,-1,-1,4000,名詞,一般,*,*,*,*,設計変数,セッケイヘンスウ
交叉,-1,-1,4000,名詞,一般,*,*,*,*,交叉,コウサ
突然変異,-1,-1,4000,名詞,一般,*,*,*,*,突然変異,トツゼンヘンイ
多点探索,-1,-1,4000,名詞,一般,*,*,*,*,多点探索,タテンタンサク
多目的,-1,-1,4000,名詞,一般,*,*,*,*,多目的,タモクテキ
多目的最適化,-1,-1,3000,名詞,一般,*,*,*,*,多目的最適化,タモクテキサイテキカ
IT用語,-1,-1,4000,名詞,一般,*,*,*,*,IT用語,アイティーヨウゴ
文献調査,-1,-1,4000,名詞,一般,*,*,*,*,文献調査,ブンケンチョウサ
文献リスト,-1,-1,4000,名詞,一般,*,*,*,*,文献リスト,ブンケンリスト
性能調査,-1,-1,4000,名詞,一般,*,*,*,*,性能調査,セイノウチョウサ
性能比較,-1,-1,4000,名詞,一般,*,*,*,*,性能比較,セイノウヒカク
多峰性,-1,-1,4000,名詞,一般,*,*,*,*,多峰性,タホウセイ
単峰性,-1,-1,4000,名詞,一般,*,*,*,*,多峰性,タンホウセイ
重要温度領域,-1,-1,4000,名詞,一般,*,*,*,*,重要温度領域,ジュウヨウオンドリョウイキ
NIRS,-1,-1,4000,名詞,一般,*,*,*,*,NIRS,ニルス
光トポグラフィ,-1,-1,4000,名詞,一般,*,*,*,*,光トポグラフィ,ヒカリトポグラフィ
iSight,-1,-1,4000,名詞,一般,*,*,*,*,iSight,アイサイト
報告,-1,-1,4000,名詞,一般,*,*,*,*,報告,報告
探索,-1,-1,4000,名詞,一般,*,*,*,*,探索,探索
問題,-1,-1,4000,名詞,一般,*,*,*,*,問題,問題
結果,-1,-1,4000,名詞,一般,*,*,*,*,結果,結果
関数,-1,-1,4000,名詞,一般,*,*,*,*,関数,関数
検討,-1,-1,4000,名詞,一般,*,*,*,*,検討,検討
個体,-1,-1,4000,名詞,一般,*,*,*,*,個体,個体
実験,-1,-1,4000,名詞,一般,*,*,*,*,実験,実験
手法,-1,-1,4000,名詞,一般,*,*,*,*,手法,手法
交叉,-1,-1,4000,名詞,一般,*,*,*,*,交叉,交叉
性能,-1,-1,4000,名詞,一般,*,*,*,*,性能,性能
システム,-1,-1,4000,名詞,一般,*,*,*,*,システム,システム
分散,-1,-1,4000,名詞,一般,*,*,*,*,分散,分散
解探索,-1,-1,4000,名詞,一般,*,*,*,*,解探索,解探索
レポート,-1,-1,4000,名詞,一般,*,*,*,*,レポート,レポート
文献調査,-1,-1,4000,名詞,一般,*,*,*,*,文献調査,文献調査
調査,-1,-1,4000,名詞,一般,*,*,*,*,調査,調査
遺伝的アルゴリズム,-1,-1,4000,名詞,一般,*,*,*,*,遺伝的アルゴリズム,遺伝的アルゴリズム
比較,-1,-1,4000,名詞,一般,*,*,*,*,比較,比較
モデル,-1,-1,4000,名詞,一般,*,*,*,*,モデル,モデル
方法,-1,-1,4000,名詞,一般,*,*,*,*,方法,方法
最適化,-1,-1,4000,名詞,一般,*,*,*,*,最適化,最適化
提案,-1,-1,4000,名詞,一般,*,*,*,*,提案,提案
パラメータ,-1,-1,4000,名詞,一般,*,*,*,*,パラメータ,パラメータ
構造,-1,-1,4000,名詞,一般,*,*,*,*,構造,構造
適用,-1,-1,4000,名詞,一般,*,*,*,*,適用,適用
場合,-1,-1,4000,名詞,一般,*,*,*,*,場合,場合
計算,-1,-1,4000,名詞,一般,*,*,*,*,計算,計算
タンパク質,-1,-1,4000,名詞,一般,*,*,*,*,タンパク質,タンパク質
エネルギー,-1,-1,4000,名詞,一般,*,*,*,*,エネルギー,エネルギー
評価,-1,-1,4000,名詞,一般,*,*,*,*,評価,評価
近傍,-1,-1,4000,名詞,一般,*,*,*,*,近傍,近傍
確認,-1,-1,4000,名詞,一般,*,*,*,*,確認,確認
対象,-1,-1,4000,名詞,一般,*,*,*,*,対象,対象
研究,-1,-1,4000,名詞,一般,*,*,*,*,研究,研究
自作,-1,-1,4000,名詞,一般,*,*,*,*,自作,自作
実装,-1,-1,4000,名詞,一般,*,*,*,*,実装,実装
検証,-1,-1,4000,名詞,一般,*,*,*,*,検証,検証
有効,-1,-1,4000,名詞,一般,*,*,*,*,有効,有効
温度,-1,-1,4000,名詞,一般,*,*,*,*,温度,温度
設計変数,-1,-1,4000,名詞,一般,*,*,*,*,設計変数,設計変数
利用,-1,-1,4000,名詞,一般,*,*,*,*,利用,利用
環境,-1,-1,4000,名詞,一般,*,*,*,*,環境,環境
探索性能,-1,-1,4000,名詞,一般,*,*,*,*,探索性能,探索性能
目的,-1,-1,4000,名詞,一般,*,*,*,*,目的,目的
実験結果,-1,-1,4000,名詞,一般,*,*,*,*,実験結果,実験結果
作成,-1,-1,4000,名詞,一般,*,*,*,*,作成,作成
アルゴリズム,-1,-1,4000,名詞,一般,*,*,*,*,アルゴリズム,アルゴリズム
最小,-1,-1,4000,名詞,一般,*,*,*,*,最小,最小
多目的,-1,-1,4000,名詞,一般,*,*,*,*,多目的,多目的
構築,-1,-1,4000,名詞,一般,*,*,*,*,構築,構築
必要,-1,-1,4000,名詞,一般,*,*,*,*,必要,必要
実行,-1,-1,4000,名詞,一般,*,*,*,*,実行,実行
良好,-1,-1,4000,名詞,一般,*,*,*,*,良好,良好
ネットワーク,-1,-1,4000,名詞,一般,*,*,*,*,ネットワーク,ネットワーク
論文,-1,-1,4000,名詞,一般,*,*,*,*,論文,論文
確率,-1,-1,4000,名詞,一般,*,*,*,*,確率,確率
対象問題,-1,-1,4000,名詞,一般,*,*,*,*,対象問題,対象問題
こと確認,-1,-1,4000,名詞,一般,*,*,*,*,こと確認,こと確認
動作,-1,-1,4000,名詞,一般,*,*,*,*,動作,動作
生成,-1,-1,4000,名詞,一般,*,*,*,*,生成,生成
設計,-1,-1,4000,名詞,一般,*,*,*,*,設計,設計
時間,-1,-1,4000,名詞,一般,*,*,*,*,時間,時間
開発,-1,-1,4000,名詞,一般,*,*,*,*,開発,開発
プログラム,-1,-1,4000,名詞,一般,*,*,*,*,プログラム,プログラム
影響,-1,-1,4000,名詞,一般,*,*,*,*,影響,影響
個体数,-1,-1,4000,名詞,一般,*,*,*,*,個体数,個体数
テスト,-1,-1,4000,名詞,一般,*,*,*,*,テスト,テスト
立体構造予測,-1,-1,4000,名詞,一般,*,*,*,*,立体構造予測,立体構造予測
可能,-1,-1,4000,名詞,一般,*,*,*,*,可能,可能
データ,-1,-1,4000,名詞,一般,*,*,*,*,データ,データ
IT用語,-1,-1,4000,名詞,一般,*,*,*,*,IT用語,IT用語
多目的最適化,-1,-1,4000,名詞,一般,*,*,*,*,多目的最適化,多目的最適化
性能比較,-1,-1,4000,名詞,一般,*,*,*,*,性能比較,性能比較
ga2k,-1,-1,4000,名詞,一般,*,*,*,*,ga2k,ga2k
クラスタ,-1,-1,4000,名詞,一般,*,*,*,*,クラスタ,クラスタ
概要,-1,-1,4000,名詞,一般,*,*,*,*,概要,概要
関係,-1,-1,4000,名詞,一般,*,*,*,*,関係,関係
Genetic Algorithm,-1,-1,4000,名詞,一般,*,*,*,*,Genetic Algorithm,Genetic Algorithm
母集団,-1,-1,4000,名詞,一般,*,*,*,*,母集団,母集団
数値,-1,-1,4000,名詞,一般,*,*,*,*,数値,数値
並列,-1,-1,4000,名詞,一般,*,*,*,*,並列,並列
設定,-1,-1,4000,名詞,一般,*,*,*,*,設定,設定
選択,-1,-1,4000,名詞,一般,*,*,*,*,選択,選択
通信,-1,-1,4000,名詞,一般,*,*,*,*,通信,通信
最適解,-1,-1,4000,名詞,一般,*,*,*,*,最適解,最適解
変化,-1,-1,4000,名詞,一般,*,*,*,*,変化,変化
最小化,-1,-1,4000,名詞,一般,*,*,*,*,最小化,最小化
DPMBGA,-1,-1,4000,名詞,一般,*,*,*,*,DPMBGA,DPMBGA
機能,-1,-1,4000,名詞,一般,*,*,*,*,機能,機能
従来,-1,-1,4000,名詞,一般,*,*,*,*,従来,従来
SAGAc,-1,-1,4000,名詞,一般,*,*,*,*,SAGAc,SAGAc
移住,-1,-1,4000,名詞,一般,*,*,*,*,移住,移住
Grid,-1,-1,4000,名詞,一般,*,*,*,*,Grid,Grid
前回,-1,-1,4000,名詞,一般,*,*,*,*,前回,前回
制約,-1,-1,4000,名詞,一般,*,*,*,*,制約,制約
情報,-1,-1,4000,名詞,一般,*,*,*,*,情報,情報
多様,-1,-1,4000,名詞,一般,*,*,*,*,多様,多様
試行,-1,-1,4000,名詞,一般,*,*,*,*,試行,試行
基礎,-1,-1,4000,名詞,一般,*,*,*,*,基礎,基礎
SA,-1,-1,4000,名詞,一般,*,*,*,*,SA,SA
複数,-1,-1,4000,名詞,一般,*,*,*,*,複数,複数
考慮,-1,-1,4000,名詞,一般,*,*,*,*,考慮,考慮
連続,-1,-1,4000,名詞,一般,*,*,*,*,連続,連続
回数,-1,-1,4000,名詞,一般,*,*,*,*,回数,回数
収束,-1,-1,4000,名詞,一般,*,*,*,*,収束,収束
目的関数,-1,-1,4000,名詞,一般,*,*,*,*,目的関数,目的関数
条件,-1,-1,4000,名詞,一般,*,*,*,*,条件,条件
進化,-1,-1,4000,名詞,一般,*,*,*,*,進化,進化
多様性,-1,-1,4000,名詞,一般,*,*,*,*,多様性,多様性
エネルギー値,-1,-1,4000,名詞,一般,*,*,*,*,エネルギー値,エネルギー値
有効性,-1,-1,4000,名詞,一般,*,*,*,*,有効性,有効性
照明,-1,-1,4000,名詞,一般,*,*,*,*,照明,照明
シミュレーテッドアニーリング,-1,-1,4000,名詞,一般,*,*,*,*,シミュレーテッドアニーリング,シミュレーテッドアニーリング
確率モデル,-1,-1,4000,名詞,一般,*,*,*,*,確率モデル,確率モデル
ノード,-1,-1,4000,名詞,一般,*,*,*,*,ノード,ノード
グリッド,-1,-1,4000,名詞,一般,*,*,*,*,グリッド,グリッド
enkephalin,-1,-1,4000,名詞,一般,*,*,*,*,enkephalin,enkephalin
Metenkephalin,-1,-1,4000,名詞,一般,*,*,*,*,Metenkephalin,Metenkephalin
処理,-1,-1,4000,名詞,一般,*,*,*,*,処理,処理
今回,-1,-1,4000,名詞,一般,*,*,*,*,今回,今回
世代,-1,-1,4000,名詞,一般,*,*,*,*,世代,世代
次元,-1,-1,4000,名詞,一般,*,*,*,*,次元,次元
分布,-1,-1,4000,名詞,一般,*,*,*,*,分布,分布
照度,-1,-1,4000,名詞,一般,*,*,*,*,照度,照度
数値実験,-1,-1,4000,名詞,一般,*,*,*,*,数値実験,数値実験
知的照明,-1,-1,4000,名詞,一般,*,*,*,*,知的照明,知的照明
テスト関数,-1,-1,4000,名詞,一般,*,*,*,*,テスト関数,テスト関数
SPEA,-1,-1,4000,名詞,一般,*,*,*,*,SPEA,SPEA
説明,-1,-1,4000,名詞,一般,*,*,*,*,説明,説明
予測,-1,-1,4000,名詞,一般,*,*,*,*,予測,予測
実数,-1,-1,4000,名詞,一般,*,*,*,*,実数,実数
Rastrigin,-1,-1,4000,名詞,一般,*,*,*,*,Rastrigin,Rastrigin
重要,-1,-1,4000,名詞,一般,*,*,*,*,重要,重要
遺伝,-1,-1,4000,名詞,一般,*,*,*,*,遺伝,遺伝
突然変異,-1,-1,4000,名詞,一般,*,*,*,*,突然変異,突然変異
最適,-1,-1,4000,名詞,一般,*,*,*,*,最適,最適
Simulated Annealing,-1,-1,4000,名詞,一般,*,*,*,*,Simulated Annealing,Simulated Annealing
間隔,-1,-1,4000,名詞,一般,*,*,*,*,間隔,間隔
制約条件,-1,-1,4000,名詞,一般,*,*,*,*,制約条件,制約条件
分散遺伝的アルゴリズム,-1,-1,4000,名詞,一般,*,*,*,*,分散遺伝的アルゴリズム,分散遺伝的アルゴリズム
資源,-1,-1,4000,名詞,一般,*,*,*,*,資源,資源
解析,-1,-1,4000,名詞,一般,*,*,*,*,解析,解析
存在,-1,-1,4000,名詞,一般,*,*,*,*,存在,存在
最適化問題,-1,-1,4000,名詞,一般,*,*,*,*,最適化問題,最適化問題
クラスタリング,-1,-1,4000,名詞,一般,*,*,*,*,クラスタリング,クラスタリング
本稿,-1,-1,4000,名詞,一般,*,*,*,*,本稿,本稿
モデル遺伝的アルゴリズム,-1,-1,4000,名詞,一般,*,*,*,*,モデル遺伝的アルゴリズム,モデル遺伝的アルゴリズム
考察,-1,-1,4000,名詞,一般,*,*,*,*,考察,考察
抽出,-1,-1,4000,名詞,一般,*,*,*,*,抽出,抽出
Rosenbrock,-1,-1,4000,名詞,一般,*,*,*,*,Rosenbrock,Rosenbrock
決定,-1,-1,4000,名詞,一般,*,*,*,*,決定,決定
段階,-1,-1,4000,名詞,一般,*,*,*,*,段階,段階
サービス,-1,-1,4000,名詞,一般,*,*,*,*,サービス,サービス
peptide,-1,-1,4000,名詞,一般,*,*,*,*,peptide,peptide
特徴,-1,-1,4000,名詞,一般,*,*,*,*,特徴,特徴
性能検証,-1,-1,4000,名詞,一般,*,*,*,*,性能検証,性能検証
現在,-1,-1,4000,名詞,一般,*,*,*,*,現在,現在
エネルギー最小,-1,-1,4000,名詞,一般,*,*,*,*,エネルギー最小,エネルギー最小
精度,-1,-1,4000,名詞,一般,*,*,*,*,精度,精度
近傍幅,-1,-1,4000,名詞,一般,*,*,*,*,近傍幅,近傍幅
NetSolve,-1,-1,4000,名詞,一般,*,*,*,*,NetSolve,NetSolve
使用,-1,-1,4000,名詞,一般,*,*,*,*,使用,使用
Rastrigin関数,-1,-1,4000,名詞,一般,*,*,*,*,Rastrigin関数,Rastrigin関数
適応,-1,-1,4000,名詞,一般,*,*,*,*,適応,適応
噴射,-1,-1,4000,名詞,一般,*,*,*,*,噴射,噴射
操作,-1,-1,4000,名詞,一般,*,*,*,*,操作,操作
実数値,-1,-1,4000,名詞,一般,*,*,*,*,実数値,実数値
デザイン,-1,-1,4000,名詞,一般,*,*,*,*,デザイン,デザイン
タンパク質立体構造予測,-1,-1,4000,名詞,一般,*,*,*,*,タンパク質立体構造予測,タンパク質立体構造予測
アプリケーション,-1,-1,4000,名詞,一般,*,*,*,*,アプリケーション,アプリケーション
重要温度領域,-1,-1,4000,名詞,一般,*,*,*,*,重要温度領域,重要温度領域
遺伝的,-1,-1,4000,名詞,一般,*,*,*,*,遺伝的,遺伝的
空間,-1,-1,4000,名詞,一般,*,*,*,*,空間,空間
技術,-1,-1,4000,名詞,一般,*,*,*,*,技術,技術
分散確率,-1,-1,4000,名詞,一般,*,*,*,*,分散確率,分散確率
NCGA,-1,-1,4000,名詞,一般,*,*,*,*,NCGA,NCGA
部分,-1,-1,4000,名詞,一般,*,*,*,*,部分,部分
MCsweep,-1,-1,4000,名詞,一般,*,*,*,*,MCsweep,MCsweep
領域,-1,-1,4000,名詞,一般,*,*,*,*,領域,領域
向上,-1,-1,4000,名詞,一般,*,*,*,*,向上,向上
ユーザ,-1,-1,4000,名詞,一般,*,*,*,*,ユーザ,ユーザ
Protein,-1,-1,4000,名詞,一般,*,*,*,*,Protein,Protein
評価計算,-1,-1,4000,名詞,一般,*,*,*,*,評価計算,評価計算
パラメータ検討,-1,-1,4000,名詞,一般,*,*,*,*,パラメータ検討,パラメータ検討
追加,-1,-1,4000,名詞,一般,*,*,*,*,追加,追加
構成,-1,-1,4000,名詞,一般,*,*,*,*,構成,構成
dMSXF,-1,-1,4000,名詞,一般,*,*,*,*,dMSXF,dMSXF
状態,-1,-1,4000,名詞,一般,*,*,*,*,状態,状態
データベース,-1,-1,4000,名詞,一般,*,*,*,*,データベース,データベース
研究室,-1,-1,4000,名詞,一般,*,*,*,*,研究室,研究室
今後,-1,-1,4000,名詞,一般,*,*,*,*,今後,今後
立体構造,-1,-1,4000,名詞,一般,*,*,*,*,立体構造,立体構造
Griewank,-1,-1,4000,名詞,一般,*,*,*,*,Griewank,Griewank
知的照明システム,-1,-1,4000,名詞,一般,*,*,*,*,知的照明システム,知的照明システム
近年,-1,-1,4000,名詞,一般,*,*,*,*,近年,近年
同等,-1,-1,4000,名詞,一般,*,*,*,*,同等,同等
依存,-1,-1,4000,名詞,一般,*,*,*,*,依存,依存
自作SA,-1,-1,4000,名詞,一般,*,*,*,*,自作SA,自作SA
力場,-1,-1,4000,名詞,一般,*,*,*,*,力場,力場
インストール,-1,-1,4000,名詞,一般,*,*,*,*,インストール,インストール
種類,-1,-1,4000,名詞,一般,*,*,*,*,種類,種類
改良,-1,-1,4000,名詞,一般,*,*,*,*,改良,改良
効果,-1,-1,4000,名詞,一般,*,*,*,*,効果,効果
初期,-1,-1,4000,名詞,一般,*,*,*,*,初期,初期
世代交代,-1,-1,4000,名詞,一般,*,*,*,*,世代交代,世代交代
Rosenbrock関数,-1,-1,4000,名詞,一般,*,*,*,*,Rosenbrock関数,Rosenbrock関数
比較結果,-1,-1,4000,名詞,一般,*,*,*,*,比較結果,比較結果
様々,-1,-1,4000,名詞,一般,*,*,*,*,様々,様々
Distributed,-1,-1,4000,名詞,一般,*,*,*,*,Distributed,Distributed
DCAST,-1,-1,4000,名詞,一般,*,*,*,*,DCAST,DCAST
設計変数間,-1,-1,4000,名詞,一般,*,*,*,*,設計変数間,設計変数間
島数,-1,-1,4000,名詞,一般,*,*,*,*,島数,島数
変更,-1,-1,4000,名詞,一般,*,*,*,*,変更,変更
ファイル,-1,-1,4000,名詞,一般,*,*,*,*,ファイル,ファイル
局所解,-1,-1,4000,名詞,一般,*,*,*,*,局所解,局所解
分割,-1,-1,4000,名詞,一般,*,*,*,*,分割,分割
交代モデル,-1,-1,4000,名詞,一般,*,*,*,*,交代モデル,交代モデル
交代,-1,-1,4000,名詞,一般,*,*,*,*,交代,交代
メカニズム,-1,-1,4000,名詞,一般,*,*,*,*,メカニズム,メカニズム
DNAS,-1,-1,4000,名詞,一般,*,*,*,*,DNAS,DNAS
，，,-1,-1,4000,名詞,一般,*,*,*,*,，，,，，
個体生成,-1,-1,4000,名詞,一般,*,*,*,*,個体生成,個体生成
規模,-1,-1,4000,名詞,一般,*,*,*,*,規模,規模
確率的山登り法,-1,-1,4000,名詞,一般,*,*,*,*,確率的山登り法,確率的山登り法
支援,-1,-1,4000,名詞,一般,*,*,*,*,支援,支援
提供,-1,-1,4000,名詞,一般,*,*,*,*,提供,提供
実現,-1,-1,4000,名詞,一般,*,*,*,*,実現,実現
計測,-1,-1,4000,名詞,一般,*,*,*,*,計測,計測
発見,-1,-1,4000,名詞,一般,*,*,*,*,発見,発見
文献,-1,-1,4000,名詞,一般,*,*,*,*,文献,文献
探索こと,-1,-1,4000,名詞,一般,*,*,*,*,探索こと,探索こと
拡張,-1,-1,4000,名詞,一般,*,*,*,*,拡張,拡張
履歴,-1,-1,4000,名詞,一般,*,*,*,*,履歴,履歴
動作確認,-1,-1,4000,名詞,一般,*,*,*,*,動作確認,動作確認
劣解,-1,-1,4000,名詞,一般,*,*,*,*,劣解,劣解
調査結果,-1,-1,4000,名詞,一般,*,*,*,*,調査結果,調査結果
調査報告,-1,-1,4000,名詞,一般,*,*,*,*,調査報告,調査報告
知的,-1,-1,4000,名詞,一般,*,*,*,*,知的,知的
エネルギー関数,-1,-1,4000,名詞,一般,*,*,*,*,エネルギー関数,エネルギー関数
前回報告,-1,-1,4000,名詞,一般,*,*,*,*,前回報告,前回報告
アーカイブ,-1,-1,4000,名詞,一般,*,*,*,*,アーカイブ,アーカイブ
ISDL,-1,-1,4000,名詞,一般,*,*,*,*,ISDL,ISDL
面角,-1,-1,4000,名詞,一般,*,*,*,*,面角,面角
性能こと,-1,-1,4000,名詞,一般,*,*,*,*,性能こと,性能こと
導入,-1,-1,4000,名詞,一般,*,*,*,*,導入,導入
値GA,-1,-1,4000,名詞,一般,*,*,*,*,値GA,値GA
UNDX,-1,-1,4000,名詞,一般,*,*,*,*,UNDX,UNDX
良好解,-1,-1,4000,名詞,一般,*,*,*,*,良好解,良好解
良好結果,-1,-1,4000,名詞,一般,*,*,*,*,良好結果,良好結果
性能調査,-1,-1,4000,名詞,一般,*,*,*,*,性能調査,性能調査
ツール,-1,-1,4000,名詞,一般,*,*,*,*,ツール,ツール
集合,-1,-1,4000,名詞,一般,*,*,*,*,集合,集合
要素,-1,-1,4000,名詞,一般,*,*,*,*,要素,要素
能力,-1,-1,4000,名詞,一般,*,*,*,*,能力,能力
パレート,-1,-1,4000,名詞,一般,*,*,*,*,パレート,パレート
適応的,-1,-1,4000,名詞,一般,*,*,*,*,適応的,適応的
移住間隔,-1,-1,4000,名詞,一般,*,*,*,*,移住間隔,移住間隔
相関,-1,-1,4000,名詞,一般,*,*,*,*,相関,相関
理論,-1,-1,4000,名詞,一般,*,*,*,*,理論,理論
光度,-1,-1,4000,名詞,一般,*,*,*,*,光度,光度
Griewank関数,-1,-1,4000,名詞,一般,*,*,*,*,Griewank関数,Griewank関数
関数Rosenbrock,-1,-1,4000,名詞,一般,*,*,*,*,関数Rosenbrock,関数Rosenbrock
表現,-1,-1,4000,名詞,一般,*,*,*,*,表現,表現
最良,-1,-1,4000,名詞,一般,*,*,*,*,最良,最良
適切,-1,-1,4000,名詞,一般,*,*,*,*,適切,適切
正常,-1,-1,4000,名詞,一般,*,*,*,*,正常,正常
問題点,-1,-1,4000,名詞,一般,*,*,*,*,問題点,問題点
係数,-1,-1,4000,名詞,一般,*,*,*,*,係数,係数
交叉手法,-1,-1,4000,名詞,一般,*,*,*,*,交叉手法,交叉手法
SAGA,-1,-1,4000,名詞,一般,*,*,*,*,SAGA,SAGA
見積もり,-1,-1,4000,名詞,一般,*,*,*,*,見積もり,見積もり
方法検討,-1,-1,4000,名詞,一般,*,*,*,*,方法検討,方法検討
探索能力,-1,-1,4000,名詞,一般,*,*,*,*,探索能力,探索能力
平均,-1,-1,4000,名詞,一般,*,*,*,*,平均,平均
問題適用,-1,-1,4000,名詞,一般,*,*,*,*,問題適用,問題適用
センサ,-1,-1,4000,名詞,一般,*,*,*,*,センサ,センサ
NSGA-II,-1,-1,4000,名詞,一般,*,*,*,*,NSGA-II,NSGA-II
管理,-1,-1,4000,名詞,一般,*,*,*,*,管理,管理
動作こと,-1,-1,4000,名詞,一般,*,*,*,*,動作こと,動作こと
削減,-1,-1,4000,名詞,一般,*,*,*,*,削減,削減
Schwefel,-1,-1,4000,名詞,一般,*,*,*,*,Schwefel,Schwefel
高速,-1,-1,4000,名詞,一般,*,*,*,*,高速,高速
画像,-1,-1,4000,名詞,一般,*,*,*,*,画像,画像
提案手法,-1,-1,4000,名詞,一般,*,*,*,*,提案手法,提案手法
場パラメータ,-1,-1,4000,名詞,一般,*,*,*,*,場パラメータ,場パラメータ
以上,-1,-1,4000,名詞,一般,*,*,*,*,以上,以上
Report,-1,-1,4000,名詞,一般,*,*,*,*,Report,Report
計算回数,-1,-1,4000,名詞,一般,*,*,*,*,計算回数,計算回数
自作GA,-1,-1,4000,名詞,一般,*,*,*,*,自作GA,自作GA
温度パラメータ,-1,-1,4000,名詞,一般,*,*,*,*,温度パラメータ,温度パラメータ
正常動作,-1,-1,4000,名詞,一般,*,*,*,*,正常動作,正常動作
最適化手法,-1,-1,4000,名詞,一般,*,*,*,*,最適化手法,最適化手法
対話型遺伝的アルゴリズム,-1,-1,4000,名詞,一般,*,*,*,*,対話型遺伝的アルゴリズム,対話型遺伝的アルゴリズム
分析,-1,-1,4000,名詞,一般,*,*,*,*,分析,分析
スケジューリング,-1,-1,4000,名詞,一般,*,*,*,*,スケジューリング,スケジューリング
Ridge,-1,-1,4000,名詞,一般,*,*,*,*,Ridge,Ridge
非常,-1,-1,4000,名詞,一般,*,*,*,*,非常,非常
適合度,-1,-1,4000,名詞,一般,*,*,*,*,適合度,適合度
近似,-1,-1,4000,名詞,一般,*,*,*,*,近似,近似
的交叉,-1,-1,4000,名詞,一般,*,*,*,*,的交叉,的交叉
効率,-1,-1,4000,名詞,一般,*,*,*,*,効率,効率
制御,-1,-1,4000,名詞,一般,*,*,*,*,制御,制御
依存関係,-1,-1,4000,名詞,一般,*,*,*,*,依存関係,依存関係
並列化,-1,-1,4000,名詞,一般,*,*,*,*,並列化,並列化
一般,-1,-1,4000,名詞,一般,*,*,*,*,一般,一般
フィルタ,-1,-1,4000,名詞,一般,*,*,*,*,フィルタ,フィルタ
複雑,-1,-1,4000,名詞,一般,*,*,*,*,複雑,複雑
自作DGA,-1,-1,4000,名詞,一般,*,*,*,*,自作DGA,自作DGA
中央,-1,-1,4000,名詞,一般,*,*,*,*,中央,中央
ランダム,-1,-1,4000,名詞,一般,*,*,*,*,ランダム,ランダム
ミドル,-1,-1,4000,名詞,一般,*,*,*,*,ミドル,ミドル
GridRPC,-1,-1,4000,名詞,一般,*,*,*,*,GridRPC,GridRPC
適用場合,-1,-1,4000,名詞,一般,*,*,*,*,適用場合,適用場合
環境分散,-1,-1,4000,名詞,一般,*,*,*,*,環境分散,環境分散
点交叉,-1,-1,4000,名詞,一般,*,*,*,*,点交叉,点交叉
最高,-1,-1,4000,名詞,一般,*,*,*,*,最高,最高
基本,-1,-1,4000,名詞,一般,*,*,*,*,基本,基本
一定,-1,-1,4000,名詞,一般,*,*,*,*,一定,一定
システム構築,-1,-1,4000,名詞,一般,*,*,*,*,システム構築,システム構築
コイン,-1,-1,4000,名詞,一般,*,*,*,*,コイン,コイン
ウェア,-1,-1,4000,名詞,一般,*,*,*,*,ウェア,ウェア
Server,-1,-1,4000,名詞,一般,*,*,*,*,Server,Server
PSAGA,-1,-1,4000,名詞,一般,*,*,*,*,PSAGA,PSAGA
Globus,-1,-1,4000,名詞,一般,*,*,*,*,Globus,Globus
遺伝的アルゴリズムDistributed,-1,-1,4000,名詞,一般,*,*,*,*,遺伝的アルゴリズムDistributed,遺伝的アルゴリズムDistributed
言語,-1,-1,4000,名詞,一般,*,*,*,*,言語,言語
知的システム,-1,-1,4000,名詞,一般,*,*,*,*,知的システム,知的システム
検討結果,-1,-1,4000,名詞,一般,*,*,*,*,検討結果,検討結果
室開発,-1,-1,4000,名詞,一般,*,*,*,*,室開発,室開発
実際,-1,-1,4000,名詞,一般,*,*,*,*,実際,実際
定義,-1,-1,4000,名詞,一般,*,*,*,*,定義,定義
多目的遺伝的アルゴリズム,-1,-1,4000,名詞,一般,*,*,*,*,多目的遺伝的アルゴリズム,多目的遺伝的アルゴリズム
ミドルウェア,-1,-1,4000,名詞,一般,*,*,*,*,ミドルウェア,ミドルウェア
デザイン研究,-1,-1,4000,名詞,一般,*,*,*,*,デザイン研究,デザイン研究
ソフトウェア,-1,-1,4000,名詞,一般,*,*,*,*,ソフトウェア,ソフトウェア
システムデザイン,-1,-1,4000,名詞,一般,*,*,*,*,システムデザイン,システムデザイン
アクセス,-1,-1,4000,名詞,一般,*,*,*,*,アクセス,アクセス
Webサービス,-1,-1,4000,名詞,一般,*,*,*,*,Webサービス,Webサービス
SOAP,-1,-1,4000,名詞,一般,*,*,*,*,SOAP,SOAP
Model,-1,-1,4000,名詞,一般,*,*,*,*,Model,Model
目標,-1,-1,4000,名詞,一般,*,*,*,*,目標,目標
注目,-1,-1,4000,名詞,一般,*,*,*,*,注目,注目
性能向上,-1,-1,4000,名詞,一般,*,*,*,*,性能向上,性能向上
同様,-1,-1,4000,名詞,一般,*,*,*,*,同様,同様
受理,-1,-1,4000,名詞,一般,*,*,*,*,受理,受理
動的,-1,-1,4000,名詞,一般,*,*,*,*,動的,動的
コスト,-1,-1,4000,名詞,一般,*,*,*,*,コスト,コスト
調節,-1,-1,4000,名詞,一般,*,*,*,*,調節,調節
サーバ,-1,-1,4000,名詞,一般,*,*,*,*,サーバ,サーバ
エネルギ,-1,-1,4000,名詞,一般,*,*,*,*,エネルギ,エネルギ
こと報告,-1,-1,4000,名詞,一般,*,*,*,*,こと報告,こと報告
nbsp,-1,-1,4000,名詞,一般,*,*,*,*,nbsp,nbsp
Schwefel関数,-1,-1,4000,名詞,一般,*,*,*,*,Schwefel関数,Schwefel関数
Ridge関数,-1,-1,4000,名詞,一般,*,*,*,*,Ridge関数,Ridge関数
類似,-1,-1,4000,名詞,一般,*,*,*,*,類似,類似
階層,-1,-1,4000,名詞,一般,*,*,*,*,階層,階層
既存,-1,-1,4000,名詞,一般,*,*,*,*,既存,既存
性能評価,-1,-1,4000,名詞,一般,*,*,*,*,性能評価,性能評価
ga2k性能比較,-1,-1,4000,名詞,一般,*,*,*,*,ga2k性能比較,ga2k性能比較
Step,-1,-1,4000,名詞,一般,*,*,*,*,Step,Step
関数Griewank,-1,-1,4000,名詞,一般,*,*,*,*,関数Griewank,関数Griewank
残基,-1,-1,4000,名詞,一般,*,*,*,*,残基,残基
最高温度,-1,-1,4000,名詞,一般,*,*,*,*,最高温度,最高温度
最適解発見,-1,-1,4000,名詞,一般,*,*,*,*,最適解発見,最適解発見
原因,-1,-1,4000,名詞,一般,*,*,*,*,原因,原因
以下,-1,-1,4000,名詞,一般,*,*,*,*,以下,以下
プロセス,-1,-1,4000,名詞,一般,*,*,*,*,プロセス,プロセス
パターン,-1,-1,4000,名詞,一般,*,*,*,*,パターン,パターン
タンパク質立体構造,-1,-1,4000,名詞,一般,*,*,*,*,タンパク質立体構造,タンパク質立体構造
距離,-1,-1,4000,名詞,一般,*,*,*,*,距離,距離
評価方法,-1,-1,4000,名詞,一般,*,*,*,*,評価方法,評価方法
解精度,-1,-1,4000,名詞,一般,*,*,*,*,解精度,解精度
維持,-1,-1,4000,名詞,一般,*,*,*,*,維持,維持
状況,-1,-1,4000,名詞,一般,*,*,*,*,状況,状況
探索履歴,-1,-1,4000,名詞,一般,*,*,*,*,探索履歴,探索履歴
多目的GA,-1,-1,4000,名詞,一般,*,*,*,*,多目的GA,多目的GA
増加,-1,-1,4000,名詞,一般,*,*,*,*,増加,増加
ProbabilisticModel,-1,-1,4000,名詞,一般,*,*,*,*,ProbabilisticModel,ProbabilisticModel
Probabilistic,-1,-1,4000,名詞,一般,*,*,*,*,Probabilistic,Probabilistic
違い,-1,-1,4000,名詞,一般,*,*,*,*,違い,違い
解決,-1,-1,4000,名詞,一般,*,*,*,*,解決,解決
組み合わせ,-1,-1,4000,名詞,一般,*,*,*,*,組み合わせ,組み合わせ
最適化計算,-1,-1,4000,名詞,一般,*,*,*,*,最適化計算,最適化計算
性維持,-1,-1,4000,名詞,一般,*,*,*,*,性維持,性維持
性検証,-1,-1,4000,名詞,一般,*,*,*,*,性検証,性検証
性検討,-1,-1,4000,名詞,一般,*,*,*,*,性検討,性検討
学習,-1,-1,4000,名詞,一般,*,*,*,*,学習,学習
位相,-1,-1,4000,名詞,一般,*,*,*,*,位相,位相
代表,-1,-1,4000,名詞,一般,*,*,*,*,代表,代表
中央値,-1,-1,4000,名詞,一般,*,*,*,*,中央値,中央値
スケジュール,-1,-1,4000,名詞,一般,*,*,*,*,スケジュール,スケジュール
ATGA,-1,-1,4000,名詞,一般,*,*,*,*,ATGA,ATGA
解集合,-1,-1,4000,名詞,一般,*,*,*,*,解集合,解集合
結果こと,-1,-1,4000,名詞,一般,*,*,*,*,結果こと,結果こと
照度センサ,-1,-1,4000,名詞,一般,*,*,*,*,照度センサ,照度センサ
測定,-1,-1,4000,名詞,一般,*,*,*,*,測定,測定
段階噴射,-1,-1,4000,名詞,一般,*,*,*,*,段階噴射,段階噴射
正規,-1,-1,4000,名詞,一般,*,*,*,*,正規,正規
単一,-1,-1,4000,名詞,一般,*,*,*,*,単一,単一
ローカルサーチ,-1,-1,4000,名詞,一般,*,*,*,*,ローカルサーチ,ローカルサーチ
シミュレーション,-1,-1,4000,名詞,一般,*,*,*,*,シミュレーション,シミュレーション
オペレータ,-1,-1,4000,名詞,一般,*,*,*,*,オペレータ,オペレータ
アミノ酸,-1,-1,4000,名詞,一般,*,*,*,*,アミノ酸,アミノ酸
進化的,-1,-1,4000,名詞,一般,*,*,*,*,進化的,進化的
連続関数,-1,-1,4000,名詞,一般,*,*,*,*,連続関数,連続関数
試行回数,-1,-1,4000,名詞,一般,*,*,*,*,試行回数,試行回数
的近傍,-1,-1,4000,名詞,一般,*,*,*,*,的近傍,的近傍
独立,-1,-1,4000,名詞,一般,*,*,*,*,独立,独立
比較実験,-1,-1,4000,名詞,一般,*,*,*,*,比較実験,比較実験
多く,-1,-1,4000,名詞,一般,*,*,*,*,多く,多く
型GA,-1,-1,4000,名詞,一般,*,*,*,*,型GA,型GA
個体群,-1,-1,4000,名詞,一般,*,*,*,*,個体群,個体群
サイズ,-1,-1,4000,名詞,一般,*,*,*,*,サイズ,サイズ
ら提案,-1,-1,4000,名詞,一般,*,*,*,*,ら提案,ら提案
こと可能,-1,-1,4000,名詞,一般,*,*,*,*,こと可能,こと可能
PSAGAc,-1,-1,4000,名詞,一般,*,*,*,*,PSAGAc,PSAGAc
MOSA,-1,-1,4000,名詞,一般,*,*,*,*,MOSA,MOSA
相関係数,-1,-1,4000,名詞,一般,*,*,*,*,相関係数,相関係数
探索影響,-1,-1,4000,名詞,一般,*,*,*,*,探索影響,探索影響
多峰性,-1,-1,4000,名詞,一般,*,*,*,*,多峰性,多峰性
問題有効,-1,-1,4000,名詞,一般,*,*,*,*,問題有効,問題有効
ライブラリ,-1,-1,4000,名詞,一般,*,*,*,*,ライブラリ,ライブラリ
終了,-1,-1,4000,名詞,一般,*,*,*,*,終了,終了
構造予測,-1,-1,4000,名詞,一般,*,*,*,*,構造予測,構造予測
実行時間,-1,-1,4000,名詞,一般,*,*,*,*,実行時間,実行時間
多目的最適化問題,-1,-1,4000,名詞,一般,*,*,*,*,多目的最適化問題,多目的最適化問題
増幅率,-1,-1,4000,名詞,一般,*,*,*,*,増幅率,増幅率
増幅,-1,-1,4000,名詞,一般,*,*,*,*,増幅,増幅
ヘッド,-1,-1,4000,名詞,一般,*,*,*,*,ヘッド,ヘッド
タンパク質Met,-1,-1,4000,名詞,一般,*,*,*,*,タンパク質Met,タンパク質Met
ScaLAPACK,-1,-1,4000,名詞,一般,*,*,*,*,ScaLAPACK,ScaLAPACK
SA適用,-1,-1,4000,名詞,一般,*,*,*,*,SA適用,SA適用
Parallel,-1,-1,4000,名詞,一般,*,*,*,*,Parallel,Parallel
GA,-1,-1,4000,名詞,一般,*,*,*,*,GA,GA
CASP,-1,-1,4000,名詞,一般,*,*,*,*,CASP,CASP
関数最適化,-1,-1,4000,名詞,一般,*,*,*,*,関数最適化,関数最適化
概念,-1,-1,4000,名詞,一般,*,*,*,*,概念,概念
多数,-1,-1,4000,名詞,一般,*,*,*,*,多数,多数
値比較,-1,-1,4000,名詞,一般,*,*,*,*,値比較,値比較
一般的,-1,-1,4000,名詞,一般,*,*,*,*,一般的,一般的
ビット,-1,-1,4000,名詞,一般,*,*,*,*,ビット,ビット
コード,-1,-1,4000,名詞,一般,*,*,*,*,コード,コード
オーバー,-1,-1,4000,名詞,一般,*,*,*,*,オーバー,オーバー
エリート,-1,-1,4000,名詞,一般,*,*,*,*,エリート,エリート
factor,-1,-1,4000,名詞,一般,*,*,*,*,factor,factor
連続最適化,-1,-1,4000,名詞,一般,*,*,*,*,連続最適化,連続最適化
蛍光,-1,-1,4000,名詞,一般,*,*,*,*,蛍光,蛍光
突然変異率,-1,-1,4000,名詞,一般,*,*,*,*,突然変異率,突然変異率
次構造,-1,-1,4000,名詞,一般,*,*,*,*,次構造,次構造
局所,-1,-1,4000,名詞,一般,*,*,*,*,局所,局所
多目的最適化手法,-1,-1,4000,名詞,一般,*,*,*,*,多目的最適化手法,多目的最適化手法
困難,-1,-1,4000,名詞,一般,*,*,*,*,困難,困難
位相最適化,-1,-1,4000,名詞,一般,*,*,*,*,位相最適化,位相最適化
リング,-1,-1,4000,名詞,一般,*,*,*,*,リング,リング
オーバーヘッド,-1,-1,4000,名詞,一般,*,*,*,*,オーバーヘッド,オーバーヘッド
SA性能,-1,-1,4000,名詞,一般,*,*,*,*,SA性能,SA性能
SAAT,-1,-1,4000,名詞,一般,*,*,*,*,SAAT,SAAT
DGA,-1,-1,4000,名詞,一般,*,*,*,*,DGA,DGA
間依存,-1,-1,4000,名詞,一般,*,*,*,*,間依存,間依存
過程,-1,-1,4000,名詞,一般,*,*,*,*,過程,過程
簡単,-1,-1,4000,名詞,一般,*,*,*,*,簡単,簡単
減少,-1,-1,4000,名詞,一般,*,*,*,*,減少,減少
応用,-1,-1,4000,名詞,一般,*,*,*,*,応用,応用
協調,-1,-1,4000,名詞,一般,*,*,*,*,協調,協調
代表的,-1,-1,4000,名詞,一般,*,*,*,*,代表的,代表的
エネルギ最小,-1,-1,4000,名詞,一般,*,*,*,*,エネルギ最小,エネルギ最小
SAAAN,-1,-1,4000,名詞,一般,*,*,*,*,SAAAN,SAAAN
関連,-1,-1,4000,名詞,一般,*,*,*,*,関連,関連
関数Schwefel,-1,-1,4000,名詞,一般,*,*,*,*,関数Schwefel,関数Schwefel
発生,-1,-1,4000,名詞,一般,*,*,*,*,発生,発生
汎用,-1,-1,4000,名詞,一般,*,*,*,*,汎用,汎用
最大,-1,-1,4000,名詞,一般,*,*,*,*,最大,最大
明らか,-1,-1,4000,名詞,一般,*,*,*,*,明らか,明らか
可視,-1,-1,4000,名詞,一般,*,*,*,*,可視,可視
交叉方法,-1,-1,4000,名詞,一般,*,*,*,*,交叉方法,交叉方法
iSIGHT,-1,-1,4000,名詞,一般,*,*,*,*,iSIGHT,iSIGHT
Grid環境,-1,-1,4000,名詞,一般,*,*,*,*,Grid環境,Grid環境
GlobusToolkit,-1,-1,4000,名詞,一般,*,*,*,*,GlobusToolkit,GlobusToolkit
Genetic AlgorithmDPMBGA,-1,-1,4000,名詞,一般,*,*,*,*,Genetic AlgorithmDPMBGA,Genetic AlgorithmDPMBGA
DNA,-1,-1,4000,名詞,一般,*,*,*,*,DNA,DNA
関数Ridge,-1,-1,4000,名詞,一般,*,*,*,*,関数Ridge,関数Ridge
遺伝子,-1,-1,4000,名詞,一般,*,*,*,*,遺伝子,遺伝子
誤差,-1,-1,4000,名詞,一般,*,*,*,*,誤差,誤差
蛍光灯,-1,-1,4000,名詞,一般,*,*,*,*,蛍光灯,蛍光灯
自動,-1,-1,4000,名詞,一般,*,*,*,*,自動,自動
紹介,-1,-1,4000,名詞,一般,*,*,*,*,紹介,紹介
構造物,-1,-1,4000,名詞,一般,*,*,*,*,構造物,構造物
最適設計,-1,-1,4000,名詞,一般,*,*,*,*,最適設計,最適設計
指標,-1,-1,4000,名詞,一般,*,*,*,*,指標,指標
影響こと,-1,-1,4000,名詞,一般,*,*,*,*,影響こと,影響こと
小規模,-1,-1,4000,名詞,一般,*,*,*,*,小規模,小規模
固定,-1,-1,4000,名詞,一般,*,*,*,*,固定,固定
同等性能,-1,-1,4000,名詞,一般,*,*,*,*,同等性能,同等性能
同一,-1,-1,4000,名詞,一般,*,*,*,*,同一,同一
可視化,-1,-1,4000,名詞,一般,*,*,*,*,可視化,可視化
傾向,-1,-1,4000,名詞,一般,*,*,*,*,傾向,傾向
位置,-1,-1,4000,名詞,一般,*,*,*,*,位置,位置
人間,-1,-1,4000,名詞,一般,*,*,*,*,人間,人間
交叉間隔,-1,-1,4000,名詞,一般,*,*,*,*,交叉間隔,交叉間隔
ファジィ,-1,-1,4000,名詞,一般,*,*,*,*,ファジィ,ファジィ
Windows,-1,-1,4000,名詞,一般,*,*,*,*,Windows,Windows
Toolkit,-1,-1,4000,名詞,一般,*,*,*,*,Toolkit,Toolkit
RMSD,-1,-1,4000,名詞,一般,*,*,*,*,RMSD,RMSD
GAga2k,-1,-1,4000,名詞,一般,*,*,*,*,GAga2k,GAga2k
DistributedProbabilistic,-1,-1,4000,名詞,一般,*,*,*,*,DistributedProbabilistic,DistributedProbabilistic
DNAシステム,-1,-1,4000,名詞,一般,*,*,*,*,DNAシステム,DNAシステム
調整,-1,-1,4000,名詞,一般,*,*,*,*,調整,調整
統合,-1,-1,4000,名詞,一般,*,*,*,*,統合,統合
最低,-1,-1,4000,名詞,一般,*,*,*,*,最低,最低
数検討,-1,-1,4000,名詞,一般,*,*,*,*,数検討,数検討
数学,-1,-1,4000,名詞,一般,*,*,*,*,数学,数学
支援システム,-1,-1,4000,名詞,一般,*,*,*,*,支援システム,支援システム
提案システム,-1,-1,4000,名詞,一般,*,*,*,*,提案システム,提案システム
指針,-1,-1,4000,名詞,一般,*,*,*,*,指針,指針
変動,-1,-1,4000,名詞,一般,*,*,*,*,変動,変動
報告自作,-1,-1,4000,名詞,一般,*,*,*,*,報告自作,報告自作
付近,-1,-1,4000,名詞,一般,*,*,*,*,付近,付近
交叉率,-1,-1,4000,名詞,一般,*,*,*,*,交叉率,交叉率
交叉法,-1,-1,4000,名詞,一般,*,*,*,*,交叉法,交叉法
二次,-1,-1,4000,名詞,一般,*,*,*,*,二次,二次
フィルタリング,-1,-1,4000,名詞,一般,*,*,*,*,フィルタリング,フィルタリング
ステップ,-1,-1,4000,名詞,一般,*,*,*,*,ステップ,ステップ
サブ,-1,-1,4000,名詞,一般,*,*,*,*,サブ,サブ
コンピュータ,-1,-1,4000,名詞,一般,*,*,*,*,コンピュータ,コンピュータ
もと,-1,-1,4000,名詞,一般,*,*,*,*,もと,もと
OPLSAA,-1,-1,4000,名詞,一般,*,*,*,*,OPLSAA,OPLSAA
OPLS,-1,-1,4000,名詞,一般,*,*,*,*,OPLS,OPLS
MCsweep数,-1,-1,4000,名詞,一般,*,*,*,*,MCsweep数,MCsweep数
非同期,-1,-1,4000,名詞,一般,*,*,*,*,非同期,非同期
関数適用,-1,-1,4000,名詞,一般,*,*,*,*,関数適用,関数適用
認識,-1,-1,4000,名詞,一般,*,*,*,*,認識,認識
計算資源,-1,-1,4000,名詞,一般,*,*,*,*,計算資源,計算資源
的探索,-1,-1,4000,名詞,一般,*,*,*,*,的探索,的探索
生成個体,-1,-1,4000,名詞,一般,*,*,*,*,生成個体,生成個体
照度計,-1,-1,4000,名詞,一般,*,*,*,*,照度計,照度計
正規分布,-1,-1,4000,名詞,一般,*,*,*,*,正規分布,正規分布
有効こと,-1,-1,4000,名詞,一般,*,*,*,*,有効こと,有効こと
最低温度,-1,-1,4000,名詞,一般,*,*,*,*,最低温度,最低温度
提示,-1,-1,4000,名詞,一般,*,*,*,*,提示,提示
把握,-1,-1,4000,名詞,一般,*,*,*,*,把握,把握
容易,-1,-1,4000,名詞,一般,*,*,*,*,容易,容易
側鎖,-1,-1,4000,名詞,一般,*,*,*,*,側鎖,側鎖
並列SA,-1,-1,4000,名詞,一般,*,*,*,*,並列SA,並列SA
タンパク質構造,-1,-1,4000,名詞,一般,*,*,*,*,タンパク質構造,タンパク質構造
インストール方法,-1,-1,4000,名詞,一般,*,*,*,*,インストール方法,インストール方法
Ninf,-1,-1,4000,名詞,一般,*,*,*,*,Ninf,Ninf
Multi,-1,-1,4000,名詞,一般,*,*,*,*,Multi,Multi
選択方法,-1,-1,4000,名詞,一般,*,*,*,*,選択方法,選択方法
速度,-1,-1,4000,名詞,一般,*,*,*,*,速度,速度
視覚,-1,-1,4000,名詞,一般,*,*,*,*,視覚,視覚
見積もり関数,-1,-1,4000,名詞,一般,*,*,*,*,見積もり関数,見積もり関数
率検討,-1,-1,4000,名詞,一般,*,*,*,*,率検討,率検討
燃料,-1,-1,4000,名詞,一般,*,*,*,*,燃料,燃料
検索,-1,-1,4000,名詞,一般,*,*,*,*,検索,検索
応力,-1,-1,4000,名詞,一般,*,*,*,*,応力,応力
平均値,-1,-1,4000,名詞,一般,*,*,*,*,平均値,平均値
局所探索,-1,-1,4000,名詞,一般,*,*,*,*,局所探索,局所探索
実行可能,-1,-1,4000,名詞,一般,*,*,*,*,実行可能,実行可能
変換,-1,-1,4000,名詞,一般,*,*,*,*,変換,変換
単一母集団,-1,-1,4000,名詞,一般,*,*,*,*,単一母集団,単一母集団
化問題,-1,-1,4000,名詞,一般,*,*,*,*,化問題,化問題
全体,-1,-1,4000,名詞,一般,*,*,*,*,全体,全体
プログラムga2k,-1,-1,4000,名詞,一般,*,*,*,*,プログラムga2k,プログラムga2k
テスト問題,-1,-1,4000,名詞,一般,*,*,*,*,テスト問題,テスト問題
ことため,-1,-1,4000,名詞,一般,*,*,*,*,ことため,ことため
buildingGenetic Algorithm,-1,-1,4000,名詞,一般,*,*,*,*,buildingGenetic Algorithm,buildingGenetic Algorithm
building,-1,-1,4000,名詞,一般,*,*,*,*,building,building
Pareto,-1,-1,4000,名詞,一般,*,*,*,*,Pareto,Pareto
ParallelSimulated Annealing,-1,-1,4000,名詞,一般,*,*,*,*,ParallelSimulated Annealing,ParallelSimulated Annealing
Modelbuilding,-1,-1,4000,名詞,一般,*,*,*,*,Modelbuilding,Modelbuilding
Evolutionary,-1,-1,4000,名詞,一般,*,*,*,*,Evolutionary,Evolutionary
DualDGA,-1,-1,4000,名詞,一般,*,*,*,*,DualDGA,DualDGA
Crossover,-1,-1,4000,名詞,一般,*,*,*,*,Crossover,Crossover
Condor,-1,-1,4000,名詞,一般,*,*,*,*,Condor,Condor
評価値,-1,-1,4000,名詞,一般,*,*,*,*,評価値,評価値
計算時間,-1,-1,4000,名詞,一般,*,*,*,*,計算時間,計算時間
著者,-1,-1,4000,名詞,一般,*,*,*,*,著者,著者
結果報告,-1,-1,4000,名詞,一般,*,*,*,*,結果報告,結果報告
移動,-1,-1,4000,名詞,一般,*,*,*,*,移動,移動
方式,-1,-1,4000,名詞,一般,*,*,*,*,方式,方式
我々,-1,-1,4000,名詞,一般,*,*,*,*,我々,我々
巡回,-1,-1,4000,名詞,一般,*,*,*,*,巡回,巡回
小規模タンパク質,-1,-1,4000,名詞,一般,*,*,*,*,小規模タンパク質,小規模タンパク質
対応,-1,-1,4000,名詞,一般,*,*,*,*,対応,対応
回試行,-1,-1,4000,名詞,一般,*,*,*,*,回試行,回試行
問題SA,-1,-1,4000,名詞,一般,*,*,*,*,問題SA,問題SA
分散モデル,-1,-1,4000,名詞,一般,*,*,*,*,分散モデル,分散モデル
仕組み,-1,-1,4000,名詞,一般,*,*,*,*,仕組み,仕組み
モデルMGG,-1,-1,4000,名詞,一般,*,*,*,*,モデルMGG,モデルMGG
ソケット,-1,-1,4000,名詞,一般,*,*,*,*,ソケット,ソケット
スケジューリング問題,-1,-1,4000,名詞,一般,*,*,*,*,スケジューリング問題,スケジューリング問題
サブ母集団,-1,-1,4000,名詞,一般,*,*,*,*,サブ母集団,サブ母集団
SAタンパク質,-1,-1,4000,名詞,一般,*,*,*,*,SAタンパク質,SAタンパク質
重み,-1,-1,4000,名詞,一般,*,*,*,*,重み,重み
遺伝的アルゴリズムGenetic Algorithm,-1,-1,4000,名詞,一般,*,*,*,*,遺伝的アルゴリズムGenetic Algorithm,遺伝的アルゴリズムGenetic Algorithm
適用結果,-1,-1,4000,名詞,一般,*,*,*,*,適用結果,適用結果
追加削減,-1,-1,4000,名詞,一般,*,*,*,*,追加削減,追加削減
軽減,-1,-1,4000,名詞,一般,*,*,*,*,軽減,軽減
転送,-1,-1,4000,名詞,一般,*,*,*,*,転送,転送
資源追加,-1,-1,4000,名詞,一般,*,*,*,*,資源追加,資源追加
複雑ネットワーク,-1,-1,4000,名詞,一般,*,*,*,*,複雑ネットワーク,複雑ネットワーク
的テスト,-1,-1,4000,名詞,一般,*,*,*,*,的テスト,的テスト
比較検討,-1,-1,4000,名詞,一般,*,*,*,*,比較検討,比較検討
染色,-1,-1,4000,名詞,一般,*,*,*,*,染色,染色
数学的,-1,-1,4000,名詞,一般,*,*,*,*,数学的,数学的
改善,-1,-1,4000,名詞,一般,*,*,*,*,改善,改善
手法提案,-1,-1,4000,名詞,一般,*,*,*,*,手法提案,手法提案
心理,-1,-1,4000,名詞,一般,*,*,*,*,心理,心理
形成,-1,-1,4000,名詞,一般,*,*,*,*,形成,形成
報告多目的,-1,-1,4000,名詞,一般,*,*,*,*,報告多目的,報告多目的
報告SA,-1,-1,4000,名詞,一般,*,*,*,*,報告SA,報告SA
削除,-1,-1,4000,名詞,一般,*,*,*,*,削除,削除
利得,-1,-1,4000,名詞,一般,*,*,*,*,利得,利得
余裕,-1,-1,4000,名詞,一般,*,*,*,*,余裕,余裕
会議,-1,-1,4000,名詞,一般,*,*,*,*,会議,会議
以前,-1,-1,4000,名詞,一般,*,*,*,*,以前,以前
メモリ,-1,-1,4000,名詞,一般,*,*,*,*,メモリ,メモリ
トラス,-1,-1,4000,名詞,一般,*,*,*,*,トラス,トラス
タンパク質エネルギー,-1,-1,4000,名詞,一般,*,*,*,*,タンパク質エネルギー,タンパク質エネルギー
シミュレーテッドアニーリングParallel,-1,-1,4000,名詞,一般,*,*,*,*,シミュレーテッドアニーリングParallel,シミュレーテッドアニーリングParallel
コスト見積もり,-1,-1,4000,名詞,一般,*,*,*,*,コスト見積もり,コスト見積もり
MOGA,-1,-1,4000,名詞,一般,*,*,*,*,MOGA,MOGA
Dual,-1,-1,4000,名詞,一般,*,*,*,*,Dual,Dual
開発分散,-1,-1,4000,名詞,一般,*,*,*,*,開発分散,開発分散
通常,-1,-1,4000,名詞,一般,*,*,*,*,通常,通常
解こと,-1,-1,4000,名詞,一般,*,*,*,*,解こと,解こと
角数,-1,-1,4000,名詞,一般,*,*,*,*,角数,角数
立体構造エネルギー,-1,-1,4000,名詞,一般,*,*,*,*,立体構造エネルギー,立体構造エネルギー
燃料噴射,-1,-1,4000,名詞,一般,*,*,*,*,燃料噴射,燃料噴射
母集団GA,-1,-1,4000,名詞,一般,*,*,*,*,母集団GA,母集団GA
検証ため,-1,-1,4000,名詞,一般,*,*,*,*,検証ため,検証ため
携帯,-1,-1,4000,名詞,一般,*,*,*,*,携帯,携帯
戦略,-1,-1,4000,名詞,一般,*,*,*,*,戦略,戦略
形状,-1,-1,4000,名詞,一般,*,*,*,*,形状,形状
場合解,-1,-1,4000,名詞,一般,*,*,*,*,場合解,場合解
報告タンパク質,-1,-1,4000,名詞,一般,*,*,*,*,報告タンパク質,報告タンパク質
問題Rastrigin,-1,-1,4000,名詞,一般,*,*,*,*,問題Rastrigin,問題Rastrigin
削減法,-1,-1,4000,名詞,一般,*,*,*,*,削減法,削減法
値こと,-1,-1,4000,名詞,一般,*,*,*,*,値こと,値こと
モニタリング,-1,-1,4000,名詞,一般,*,*,*,*,モニタリング,モニタリング
モデル検討,-1,-1,4000,名詞,一般,*,*,*,*,モデル検討,モデル検討
マッチング,-1,-1,4000,名詞,一般,*,*,*,*,マッチング,マッチング
プログラミング,-1,-1,4000,名詞,一般,*,*,*,*,プログラミング,プログラミング
スキーマ,-1,-1,4000,名詞,一般,*,*,*,*,スキーマ,スキーマ
ジョブショップスケジューリング,-1,-1,4000,名詞,一般,*,*,*,*,ジョブショップスケジューリング,ジョブショップスケジューリング
こと目的,-1,-1,4000,名詞,一般,*,*,*,*,こと目的,こと目的
enkephalinAla,-1,-1,4000,名詞,一般,*,*,*,*,enkephalinAla,enkephalinAla
PDIGA,-1,-1,4000,名詞,一般,*,*,*,*,PDIGA,PDIGA
Genetic AlgorithmGA,-1,-1,4000,名詞,一般,*,*,*,*,Genetic AlgorithmGA,Genetic AlgorithmGA
詳細,-1,-1,4000,名詞,一般,*,*,*,*,詳細,詳細
設計変数空間,-1,-1,4000,名詞,一般,*,*,*,*,設計変数空間,設計変数空間
設計変数値,-1,-1,4000,名詞,一般,*,*,*,*,設計変数値,設計変数値
行動,-1,-1,4000,名詞,一般,*,*,*,*,行動,行動
考案,-1,-1,4000,名詞,一般,*,*,*,*,考案,考案
範囲,-1,-1,4000,名詞,一般,*,*,*,*,範囲,範囲
温度最低,-1,-1,4000,名詞,一般,*,*,*,*,温度最低,温度最低
最短,-1,-1,4000,名詞,一般,*,*,*,*,最短,最短
文書,-1,-1,4000,名詞,一般,*,*,*,*,文書,文書
手法比較,-1,-1,4000,名詞,一般,*,*,*,*,手法比較,手法比較
手法検討,-1,-1,4000,名詞,一般,*,*,*,*,手法検討,手法検討
性考慮,-1,-1,4000,名詞,一般,*,*,*,*,性考慮,性考慮
性こと,-1,-1,4000,名詞,一般,*,*,*,*,性こと,性こと
応答,-1,-1,4000,名詞,一般,*,*,*,*,応答,応答
報告遺伝的アルゴリズム,-1,-1,4000,名詞,一般,*,*,*,*,報告遺伝的アルゴリズム,報告遺伝的アルゴリズム
報告分散,-1,-1,4000,名詞,一般,*,*,*,*,報告分散,報告分散
基本的,-1,-1,4000,名詞,一般,*,*,*,*,基本的,基本的
可視光,-1,-1,4000,名詞,一般,*,*,*,*,可視光,可視光
可能領域,-1,-1,4000,名詞,一般,*,*,*,*,可能領域,可能領域
受理率,-1,-1,4000,名詞,一般,*,*,*,*,受理率,受理率
単峰性,-1,-1,4000,名詞,一般,*,*,*,*,単峰性,単峰性
分散GA,-1,-1,4000,名詞,一般,*,*,*,*,分散GA,分散GA
信頼,-1,-1,4000,名詞,一般,*,*,*,*,信頼,信頼
ハイブリッド,-1,-1,4000,名詞,一般,*,*,*,*,ハイブリッド,ハイブリッド
ディーゼルエンジン燃料,-1,-1,4000,名詞,一般,*,*,*,*,ディーゼルエンジン燃料,ディーゼルエンジン燃料
ジョブ,-1,-1,4000,名詞,一般,*,*,*,*,ジョブ,ジョブ
ここ,-1,-1,4000,名詞,一般,*,*,*,*,ここ,ここ
scheme,-1,-1,4000,名詞,一般,*,*,*,*,scheme,scheme
Linux,-1,-1,4000,名詞,一般,*,*,*,*,Linux,Linux
LDAP,-1,-1,4000,名詞,一般,*,*,*,*,LDAP,LDAP
GAc交叉,-1,-1,4000,名詞,一般,*,*,*,*,GAc交叉,GAc交叉
Algorithm,-1,-1,4000,名詞,一般,*,*,*,*,Algorithm,Algorithm
離散,-1,-1,4000,名詞,一般,*,*,*,*,離散,離散
関数値,-1,-1,4000,名詞,一般,*,*,*,*,関数値,関数値
追加実験,-1,-1,4000,名詞,一般,*,*,*,*,追加実験,追加実験
資源余裕,-1,-1,4000,名詞,一般,*,*,*,*,資源余裕,資源余裕
解説,-1,-1,4000,名詞,一般,*,*,*,*,解説,解説
解法,-1,-1,4000,名詞,一般,*,*,*,*,解法,解法
解収束,-1,-1,4000,名詞,一般,*,*,*,*,解収束,解収束
結果自作,-1,-1,4000,名詞,一般,*,*,*,*,結果自作,結果自作
程度,-1,-1,4000,名詞,一般,*,*,*,*,程度,程度
的操作,-1,-1,4000,名詞,一般,*,*,*,*,的操作,的操作
最適化検討,-1,-1,4000,名詞,一般,*,*,*,*,最適化検討,最適化検討
方法提案,-1,-1,4000,名詞,一般,*,*,*,*,方法提案,方法提案
数増加,-1,-1,4000,名詞,一般,*,*,*,*,数増加,数増加
数場合,-1,-1,4000,名詞,一般,*,*,*,*,数場合,数場合
数個体,-1,-1,4000,名詞,一般,*,*,*,*,数個体,数個体
影響調査,-1,-1,4000,名詞,一般,*,*,*,*,影響調査,影響調査
形態,-1,-1,4000,名詞,一般,*,*,*,*,形態,形態
島モデル,-1,-1,4000,名詞,一般,*,*,*,*,島モデル,島モデル
割合,-1,-1,4000,名詞,一般,*,*,*,*,割合,割合
分野,-1,-1,4000,名詞,一般,*,*,*,*,分野,分野
分子,-1,-1,4000,名詞,一般,*,*,*,*,分子,分子
内容,-1,-1,4000,名詞,一般,*,*,*,*,内容,内容
値解,-1,-1,4000,名詞,一般,*,*,*,*,値解,値解
以外,-1,-1,4000,名詞,一般,*,*,*,*,以外,以外
主観,-1,-1,4000,名詞,一般,*,*,*,*,主観,主観
主成分,-1,-1,4000,名詞,一般,*,*,*,*,主成分,主成分
中心,-1,-1,4000,名詞,一般,*,*,*,*,中心,中心
並列数,-1,-1,4000,名詞,一般,*,*,*,*,並列数,並列数
パラメータOPLS,-1,-1,4000,名詞,一般,*,*,*,*,パラメータOPLS,パラメータOPLS
グリッド環境,-1,-1,4000,名詞,一般,*,*,*,*,グリッド環境,グリッド環境
インタフェース,-1,-1,4000,名詞,一般,*,*,*,*,インタフェース,インタフェース
うち,-1,-1,4000,名詞,一般,*,*,*,*,うち,うち
ZDTKUR,-1,-1,4000,名詞,一般,*,*,*,*,ZDTKUR,ZDTKUR
PBILc,-1,-1,4000,名詞,一般,*,*,*,*,PBILc,PBILc
HPTH,-1,-1,4000,名詞,一般,*,*,*,*,HPTH,HPTH
GA交叉,-1,-1,4000,名詞,一般,*,*,*,*,GA交叉,GA交叉
類似度,-1,-1,4000,名詞,一般,*,*,*,*,類似度,類似度
階層型,-1,-1,4000,名詞,一般,*,*,*,*,階層型,階層型
関係問題,-1,-1,4000,名詞,一般,*,*,*,*,関係問題,関係問題
間交叉,-1,-1,4000,名詞,一般,*,*,*,*,間交叉,間交叉
連携,-1,-1,4000,名詞,一般,*,*,*,*,連携,連携
起動,-1,-1,4000,名詞,一般,*,*,*,*,起動,起動
負担,-1,-1,4000,名詞,一般,*,*,*,*,負担,負担
視覚化,-1,-1,4000,名詞,一般,*,*,*,*,視覚化,視覚化
結合,-1,-1,4000,名詞,一般,*,*,*,*,結合,結合
確認ため,-1,-1,4000,名詞,一般,*,*,*,*,確認ため,確認ため
構造解析,-1,-1,4000,名詞,一般,*,*,*,*,構造解析,構造解析
方法調査,-1,-1,4000,名詞,一般,*,*,*,*,方法調査,方法調査
探索過程,-1,-1,4000,名詞,一般,*,*,*,*,探索過程,探索過程
採用,-1,-1,4000,名詞,一般,*,*,*,*,採用,採用
性能検討,-1,-1,4000,名詞,一般,*,*,*,*,性能検討,性能検討
必要こと,-1,-1,4000,名詞,一般,*,*,*,*,必要こと,必要こと
岡本,-1,-1,4000,名詞,一般,*,*,*,*,岡本,岡本
大域,-1,-1,4000,名詞,一般,*,*,*,*,大域,大域
変数,-1,-1,4000,名詞,一般,*,*,*,*,変数,変数
報告遺伝,-1,-1,4000,名詞,一般,*,*,*,*,報告遺伝,報告遺伝
報告PSA,-1,-1,4000,名詞,一般,*,*,*,*,報告PSA,報告PSA
問題解決,-1,-1,4000,名詞,一般,*,*,*,*,問題解決,問題解決
収束性,-1,-1,4000,名詞,一般,*,*,*,*,収束性,収束性
単純,-1,-1,4000,名詞,一般,*,*,*,*,単純,単純
利用ため,-1,-1,4000,名詞,一般,*,*,*,*,利用ため,利用ため
分散増幅,-1,-1,4000,名詞,一般,*,*,*,*,分散増幅,分散増幅
分散効果,-1,-1,4000,名詞,一般,*,*,*,*,分散効果,分散効果
分散値,-1,-1,4000,名詞,一般,*,*,*,*,分散値,分散値
修正,-1,-1,4000,名詞,一般,*,*,*,*,修正,修正
信頼性,-1,-1,4000,名詞,一般,*,*,*,*,信頼性,信頼性
保持,-1,-1,4000,名詞,一般,*,*,*,*,保持,保持
交叉交叉,-1,-1,4000,名詞,一般,*,*,*,*,交叉交叉,交叉交叉
マイニング,-1,-1,4000,名詞,一般,*,*,*,*,マイニング,マイニング
ベンチマーク,-1,-1,4000,名詞,一般,*,*,*,*,ベンチマーク,ベンチマーク
プログラム作成,-1,-1,4000,名詞,一般,*,*,*,*,プログラム作成,プログラム作成
ファイルシステム,-1,-1,4000,名詞,一般,*,*,*,*,ファイルシステム,ファイルシステム
パレート最適解,-1,-1,4000,名詞,一般,*,*,*,*,パレート最適解,パレート最適解
バイナリ,-1,-1,4000,名詞,一般,*,*,*,*,バイナリ,バイナリ
ジョブショップスケジューリング問題,-1,-1,4000,名詞,一般,*,*,*,*,ジョブショップスケジューリング問題,ジョブショップスケジューリング問題
kcalmol,-1,-1,4000,名詞,一般,*,*,*,*,kcalmol,kcalmol
kcal,-1,-1,4000,名詞,一般,*,*,*,*,kcal,kcal
enkephalin構造,-1,-1,4000,名詞,一般,*,*,*,*,enkephalin構造,enkephalin構造
Simulated AnnealingPSA,-1,-1,4000,名詞,一般,*,*,*,*,Simulated AnnealingPSA,Simulated AnnealingPSA
SASA,-1,-1,4000,名詞,一般,*,*,*,*,SASA,SASA
Master,-1,-1,4000,名詞,一般,*,*,*,*,Master,Master
Linpack,-1,-1,4000,名詞,一般,*,*,*,*,Linpack,Linpack
GAAAN,-1,-1,4000,名詞,一般,*,*,*,*,GAAAN,GAAAN
DistributedGenetic Algorithm,-1,-1,4000,名詞,一般,*,*,*,*,DistributedGenetic Algorithm,DistributedGenetic Algorithm
電話,-1,-1,4000,名詞,一般,*,*,*,*,電話,電話
関数自作,-1,-1,4000,名詞,一般,*,*,*,*,関数自作,関数自作
関数検討,-1,-1,4000,名詞,一般,*,*,*,*,関数検討,関数検討
遺伝的アルゴリズムプログラム,-1,-1,4000,名詞,一般,*,*,*,*,遺伝的アルゴリズムプログラム,遺伝的アルゴリズムプログラム
近傍並列,-1,-1,4000,名詞,一般,*,*,*,*,近傍並列,近傍並列
負荷,-1,-1,4000,名詞,一般,*,*,*,*,負荷,負荷
課題,-1,-1,4000,名詞,一般,*,*,*,*,課題,課題
記述,-1,-1,4000,名詞,一般,*,*,*,*,記述,記述
要求,-1,-1,4000,名詞,一般,*,*,*,*,要求,要求
表確率,-1,-1,4000,名詞,一般,*,*,*,*,表確率,表確率
著者ら,-1,-1,4000,名詞,一般,*,*,*,*,著者ら,著者ら
線形,-1,-1,4000,名詞,一般,*,*,*,*,線形,線形
的アルゴリズム,-1,-1,4000,名詞,一般,*,*,*,*,的アルゴリズム,的アルゴリズム
温度スケジュール,-1,-1,4000,名詞,一般,*,*,*,*,温度スケジュール,温度スケジュール
有効解,-1,-1,4000,名詞,一般,*,*,*,*,有効解,有効解
接続,-1,-1,4000,名詞,一般,*,*,*,*,接続,接続
抽出法,-1,-1,4000,名詞,一般,*,*,*,*,抽出法,抽出法
従来SA,-1,-1,4000,名詞,一般,*,*,*,*,従来SA,従来SA
広域,-1,-1,4000,名詞,一般,*,*,*,*,広域,広域
巡回セールスマン,-1,-1,4000,名詞,一般,*,*,*,*,巡回セールスマン,巡回セールスマン
対象タンパク質,-1,-1,4000,名詞,一般,*,*,*,*,対象タンパク質,対象タンパク質
多峰性関数,-1,-1,4000,名詞,一般,*,*,*,*,多峰性関数,多峰性関数
噴射段階,-1,-1,4000,名詞,一般,*,*,*,*,噴射段階,噴射段階
噴射スケジュール,-1,-1,4000,名詞,一般,*,*,*,*,噴射スケジュール,噴射スケジュール
同期,-1,-1,4000,名詞,一般,*,*,*,*,同期,同期
可能性,-1,-1,4000,名詞,一般,*,*,*,*,可能性,可能性
原子,-1,-1,4000,名詞,一般,*,*,*,*,原子,原子
具体,-1,-1,4000,名詞,一般,*,*,*,*,具体,具体
個体選択,-1,-1,4000,名詞,一般,*,*,*,*,個体選択,個体選択
主成分分析,-1,-1,4000,名詞,一般,*,*,*,*,主成分分析,主成分分析
レイアウト,-1,-1,4000,名詞,一般,*,*,*,*,レイアウト,レイアウト
パソコン,-1,-1,4000,名詞,一般,*,*,*,*,パソコン,パソコン
ニューラルネットワーク,-1,-1,4000,名詞,一般,*,*,*,*,ニューラルネットワーク,ニューラルネットワーク
セールスマン問題,-1,-1,4000,名詞,一般,*,*,*,*,セールスマン問題,セールスマン問題
セールスマン,-1,-1,4000,名詞,一般,*,*,*,*,セールスマン,セールスマン
アプローチ,-1,-1,4000,名詞,一般,*,*,*,*,アプローチ,アプローチ
こと明らか,-1,-1,4000,名詞,一般,*,*,*,*,こと明らか,こと明らか
いずれ,-1,-1,4000,名詞,一般,*,*,*,*,いずれ,いずれ
peptidePTH,-1,-1,4000,名詞,一般,*,*,*,*,peptidePTH,peptidePTH
Simulated AnnealingSA,-1,-1,4000,名詞,一般,*,*,*,*,Simulated AnnealingSA,Simulated AnnealingSA
NSGA,-1,-1,4000,名詞,一般,*,*,*,*,NSGA,NSGA
MPI版,-1,-1,4000,名詞,一般,*,*,*,*,MPI版,MPI版
GA解,-1,-1,4000,名詞,一般,*,*,*,*,GA解,GA解
高速化,-1,-1,4000,名詞,一般,*,*,*,*,高速化,高速化
電力,-1,-1,4000,名詞,一般,*,*,*,*,電力,電力
配列,-1,-1,4000,名詞,一般,*,*,*,*,配列,配列
部分構造,-1,-1,4000,名詞,一般,*,*,*,*,部分構造,部分構造
進化計算,-1,-1,4000,名詞,一般,*,*,*,*,進化計算,進化計算
調節メカニズム,-1,-1,4000,名詞,一般,*,*,*,*,調節メカニズム,調節メカニズム
計算機,-1,-1,4000,名詞,一般,*,*,*,*,計算機,計算機
統計,-1,-1,4000,名詞,一般,*,*,*,*,統計,統計
特性,-1,-1,4000,名詞,一般,*,*,*,*,特性,特性
点数,-1,-1,4000,名詞,一般,*,*,*,*,点数,点数
比較対象,-1,-1,4000,名詞,一般,*,*,*,*,比較対象,比較対象
検討検討,-1,-1,4000,名詞,一般,*,*,*,*,検討検討,検討検討
期待,-1,-1,4000,名詞,一般,*,*,*,*,期待,期待
性確認,-1,-1,4000,名詞,一般,*,*,*,*,性確認,性確認
応答曲面,-1,-1,4000,名詞,一般,*,*,*,*,応答曲面,応答曲面
実験実験,-1,-1,4000,名詞,一般,*,*,*,*,実験実験,実験実験
報告提案,-1,-1,4000,名詞,一般,*,*,*,*,報告提案,報告提案
可能こと,-1,-1,4000,名詞,一般,*,*,*,*,可能こと,可能こと
効果検討,-1,-1,4000,名詞,一般,*,*,*,*,効果検討,効果検討
利用こと,-1,-1,4000,名詞,一般,*,*,*,*,利用こと,利用こと
具体的,-1,-1,4000,名詞,一般,*,*,*,*,具体的,具体的
入力,-1,-1,4000,名詞,一般,*,*,*,*,入力,入力
保存,-1,-1,4000,名詞,一般,*,*,*,*,保存,保存
余裕見積もり,-1,-1,4000,名詞,一般,*,*,*,*,余裕見積もり,余裕見積もり
交叉後,-1,-1,4000,名詞,一般,*,*,*,*,交叉後,交叉後
リンク,-1,-1,4000,名詞,一般,*,*,*,*,リンク,リンク
ペナルティ,-1,-1,4000,名詞,一般,*,*,*,*,ペナルティ,ペナルティ
プロトコル,-1,-1,4000,名詞,一般,*,*,*,*,プロトコル,プロトコル
デザイン支援,-1,-1,4000,名詞,一般,*,*,*,*,デザイン支援,デザイン支援
スケジュール最適化,-1,-1,4000,名詞,一般,*,*,*,*,スケジュール最適化,スケジュール最適化
システム上,-1,-1,4000,名詞,一般,*,*,*,*,システム上,システム上
サンプル,-1,-1,4000,名詞,一般,*,*,*,*,サンプル,サンプル
サンプリング,-1,-1,4000,名詞,一般,*,*,*,*,サンプリング,サンプリング
インターフェース,-1,-1,4000,名詞,一般,*,*,*,*,インターフェース,インターフェース
インターネット,-1,-1,4000,名詞,一般,*,*,*,*,インターネット,インターネット
アーキテクチャ,-1,-1,4000,名詞,一般,*,*,*,*,アーキテクチャ,アーキテクチャ
Network,-1,-1,4000,名詞,一般,*,*,*,*,Network,Network
Minimal,-1,-1,4000,名詞,一般,*,*,*,*,Minimal,Minimal
MOCK,-1,-1,4000,名詞,一般,*,*,*,*,MOCK,MOCK
LinpackBenchmark,-1,-1,4000,名詞,一般,*,*,*,*,LinpackBenchmark,LinpackBenchmark
GA個体,-1,-1,4000,名詞,一般,*,*,*,*,GA個体,GA個体
GASA,-1,-1,4000,名詞,一般,*,*,*,*,GASA,GASA
電気,-1,-1,4000,名詞,一般,*,*,*,*,電気,電気
関数Rastrigin,-1,-1,4000,名詞,一般,*,*,*,*,関数Rastrigin,関数Rastrigin
解,-1,-1,4000,名詞,一般,*,*,*,*,解,解
自動的,-1,-1,4000,名詞,一般,*,*,*,*,自動的,自動的
組合せ,-1,-1,4000,名詞,一般,*,*,*,*,組合せ,組合せ
知識,-1,-1,4000,名詞,一般,*,*,*,*,知識,知識
発見率,-1,-1,4000,名詞,一般,*,*,*,*,発見率,発見率
照明光度,-1,-1,4000,名詞,一般,*,*,*,*,照明光度,照明光度
法調査,-1,-1,4000,名詞,一般,*,*,*,*,法調査,法調査
比較こと,-1,-1,4000,名詞,一般,*,*,*,*,比較こと,比較こと
標準,-1,-1,4000,名詞,一般,*,*,*,*,標準,標準
構造比較,-1,-1,4000,名詞,一般,*,*,*,*,構造比較,構造比較
最適解こと,-1,-1,4000,名詞,一般,*,*,*,*,最適解こと,最適解こと
数移住,-1,-1,4000,名詞,一般,*,*,*,*,数移住,数移住
数変化,-1,-1,4000,名詞,一般,*,*,*,*,数変化,数変化
数パラメータ,-1,-1,4000,名詞,一般,*,*,*,*,数パラメータ,数パラメータ
携帯電話,-1,-1,4000,名詞,一般,*,*,*,*,携帯電話,携帯電話
意思,-1,-1,4000,名詞,一般,*,*,*,*,意思,意思
多次元,-1,-1,4000,名詞,一般,*,*,*,*,多次元,多次元
変位,-1,-1,4000,名詞,一般,*,*,*,*,変位,変位
回数回,-1,-1,4000,名詞,一般,*,*,*,*,回数回,回数回
問題次元,-1,-1,4000,名詞,一般,*,*,*,*,問題次元,問題次元
問題ZDT,-1,-1,4000,名詞,一般,*,*,*,*,問題ZDT,問題ZDT
向上こと,-1,-1,4000,名詞,一般,*,*,*,*,向上こと,向上こと
化立体構造予測,-1,-1,4000,名詞,一般,*,*,*,*,化立体構造予測,化立体構造予測
分類,-1,-1,4000,名詞,一般,*,*,*,*,分類,分類
交叉シミュレーテッドアニーリング,-1,-1,4000,名詞,一般,*,*,*,*,交叉シミュレーテッドアニーリング,交叉シミュレーテッドアニーリング
並列シミュレーテッドアニーリング,-1,-1,4000,名詞,一般,*,*,*,*,並列シミュレーテッドアニーリング,並列シミュレーテッドアニーリング
世界,-1,-1,4000,名詞,一般,*,*,*,*,世界,世界
一点,-1,-1,4000,名詞,一般,*,*,*,*,一点,一点
ホスト,-1,-1,4000,名詞,一般,*,*,*,*,ホスト,ホスト
ベース,-1,-1,4000,名詞,一般,*,*,*,*,ベース,ベース
ファイバ,-1,-1,4000,名詞,一般,*,*,*,*,ファイバ,ファイバ
バスト,-1,-1,4000,名詞,一般,*,*,*,*,バスト,バスト
ストレージ,-1,-1,4000,名詞,一般,*,*,*,*,ストレージ,ストレージ
シミュレーテッドアニーリングSimulated Annealing,-1,-1,4000,名詞,一般,*,*,*,*,シミュレーテッドアニーリングSimulated Annealing,シミュレーテッドアニーリングSimulated Annealing
コード化,-1,-1,4000,名詞,一般,*,*,*,*,コード化,コード化
コーディング,-1,-1,4000,名詞,一般,*,*,*,*,コーディング,コーディング
クラスタ構築,-1,-1,4000,名詞,一般,*,*,*,*,クラスタ構築,クラスタ構築
アバター,-1,-1,4000,名詞,一般,*,*,*,*,アバター,アバター
ほとんど,-1,-1,4000,名詞,一般,*,*,*,*,ほとんど,ほとんど
こと解,-1,-1,4000,名詞,一般,*,*,*,*,こと解,こと解
report,-1,-1,4000,名詞,一般,*,*,*,*,report,report
SA温度,-1,-1,4000,名詞,一般,*,*,*,*,SA温度,SA温度
MNS,-1,-1,4000,名詞,一般,*,*,*,*,MNS,MNS
DGAga2k,-1,-1,4000,名詞,一般,*,*,*,*,DGAga2k,DGAga2k
領域内,-1,-1,4000,名詞,一般,*,*,*,*,領域内,領域内
関数空間,-1,-1,4000,名詞,一般,*,*,*,*,関数空間,関数空間
途中,-1,-1,4000,名詞,一般,*,*,*,*,途中,途中
転移,-1,-1,4000,名詞,一般,*,*,*,*,転移,転移
試行実験,-1,-1,4000,名詞,一般,*,*,*,*,試行実験,試行実験
設計変数ごと,-1,-1,4000,名詞,一般,*,*,*,*,設計変数ごと,設計変数ごと
設定方法,-1,-1,4000,名詞,一般,*,*,*,*,設定方法,設定方法
角値,-1,-1,4000,名詞,一般,*,*,*,*,角値,角値
終盤,-1,-1,4000,名詞,一般,*,*,*,*,終盤,終盤
知見,-1,-1,4000,名詞,一般,*,*,*,*,知見,知見
生成こと,-1,-1,4000,名詞,一般,*,*,*,*,生成こと,生成こと
特定,-1,-1,4000,名詞,一般,*,*,*,*,特定,特定
次元Rastrigin,-1,-1,4000,名詞,一般,*,*,*,*,次元Rastrigin,次元Rastrigin
構造最適化,-1,-1,4000,名詞,一般,*,*,*,*,構造最適化,構造最適化
構造形態,-1,-1,4000,名詞,一般,*,*,*,*,構造形態,構造形態
概要説明,-1,-1,4000,名詞,一般,*,*,*,*,概要説明,概要説明
検討実験,-1,-1,4000,名詞,一般,*,*,*,*,検討実験,検討実験
最小値,-1,-1,4000,名詞,一般,*,*,*,*,最小値,最小値
既存SA,-1,-1,4000,名詞,一般,*,*,*,*,既存SA,既存SA
数解,-1,-1,4000,名詞,一般,*,*,*,*,数解,数解
探索結果,-1,-1,4000,名詞,一般,*,*,*,*,探索結果,探索結果
探索終盤,-1,-1,4000,名詞,一般,*,*,*,*,探索終盤,探索終盤
探索状況,-1,-1,4000,名詞,一般,*,*,*,*,探索状況,探索状況
探索個体,-1,-1,4000,名詞,一般,*,*,*,*,探索個体,探索個体
影響度,-1,-1,4000,名詞,一般,*,*,*,*,影響度,影響度
基準,-1,-1,4000,名詞,一般,*,*,*,*,基準,基準
問題対象,-1,-1,4000,名詞,一般,*,*,*,*,問題対象,問題対象
問題テスト,-1,-1,4000,名詞,一般,*,*,*,*,問題テスト,問題テスト
取り扱い,-1,-1,4000,名詞,一般,*,*,*,*,取り扱い,取り扱い
収束こと,-1,-1,4000,名詞,一般,*,*,*,*,収束こと,収束こと
単語,-1,-1,4000,名詞,一般,*,*,*,*,単語,単語
到達,-1,-1,4000,名詞,一般,*,*,*,*,到達,到達
利用方法,-1,-1,4000,名詞,一般,*,*,*,*,利用方法,利用方法
出力,-1,-1,4000,名詞,一般,*,*,*,*,出力,出力
公開,-1,-1,4000,名詞,一般,*,*,*,*,公開,公開
光ファイバ,-1,-1,4000,名詞,一般,*,*,*,*,光ファイバ,光ファイバ
個体間,-1,-1,4000,名詞,一般,*,*,*,*,個体間,個体間
世代数,-1,-1,4000,名詞,一般,*,*,*,*,世代数,世代数
メタ,-1,-1,4000,名詞,一般,*,*,*,*,メタ,メタ
ベスト,-1,-1,4000,名詞,一般,*,*,*,*,ベスト,ベスト
バスト性,-1,-1,4000,名詞,一般,*,*,*,*,バスト性,バスト性
ノード数,-1,-1,4000,名詞,一般,*,*,*,*,ノード数,ノード数
グリッド上,-1,-1,4000,名詞,一般,*,*,*,*,グリッド上,グリッド上
エネルギー計算,-1,-1,4000,名詞,一般,*,*,*,*,エネルギー計算,エネルギー計算
こと自作,-1,-1,4000,名詞,一般,*,*,*,*,こと自作,こと自作
peptide立体構造予測,-1,-1,4000,名詞,一般,*,*,*,*,peptide立体構造予測,peptide立体構造予測
SAEBS,-1,-1,4000,名詞,一般,*,*,*,*,SAEBS,SAEBS
Jojo,-1,-1,4000,名詞,一般,*,*,*,*,Jojo,Jojo
GFF設計,-1,-1,4000,名詞,一般,*,*,*,*,GFF設計,GFF設計
DGA適用,-1,-1,4000,名詞,一般,*,*,*,*,DGA適用,DGA適用
Client,-1,-1,4000,名詞,一般,*,*,*,*,Client,Client
１つ,-1,-1,4000,名詞,一般,*,*,*,*,１つ,１つ
集団,-1,-1,4000,名詞,一般,*,*,*,*,集団,集団
障害,-1,-1,4000,名詞,一般,*,*,*,*,障害,障害
関数SA,-1,-1,4000,名詞,一般,*,*,*,*,関数SA,関数SA
鎖設計変数,-1,-1,4000,名詞,一般,*,*,*,*,鎖設計変数,鎖設計変数
通信時間,-1,-1,4000,名詞,一般,*,*,*,*,通信時間,通信時間
転移温度,-1,-1,4000,名詞,一般,*,*,*,*,転移温度,転移温度
負担軽減,-1,-1,4000,名詞,一般,*,*,*,*,負担軽減,負担軽減
角度,-1,-1,4000,名詞,一般,*,*,*,*,角度,角度
観点,-1,-1,4000,名詞,一般,*,*,*,*,観点,観点
補間,-1,-1,4000,名詞,一般,*,*,*,*,補間,補間
自然,-1,-1,4000,名詞,一般,*,*,*,*,自然,自然
経路,-1,-1,4000,名詞,一般,*,*,*,*,経路,経路
研究報告,-1,-1,4000,名詞,一般,*,*,*,*,研究報告,研究報告
目的最適化,-1,-1,4000,名詞,一般,*,*,*,*,目的最適化,目的最適化
演算,-1,-1,4000,名詞,一般,*,*,*,*,演算,演算
温度探索,-1,-1,4000,名詞,一般,*,*,*,*,温度探索,温度探索
母集団分割,-1,-1,4000,名詞,一般,*,*,*,*,母集団分割,母集団分割
構造こと,-1,-1,4000,名詞,一般,*,*,*,*,構造こと,構造こと
構築こと,-1,-1,4000,名詞,一般,*,*,*,*,構築こと,構築こと
検討必要,-1,-1,4000,名詞,一般,*,*,*,*,検討必要,検討必要
条件取り扱い,-1,-1,4000,名詞,一般,*,*,*,*,条件取り扱い,条件取り扱い
本手,-1,-1,4000,名詞,一般,*,*,*,*,本手,本手
最適構造,-1,-1,4000,名詞,一般,*,*,*,*,最適構造,最適構造
曲面法,-1,-1,4000,名詞,一般,*,*,*,*,曲面法,曲面法
曲面,-1,-1,4000,名詞,一般,*,*,*,*,曲面,曲面
探索終了,-1,-1,4000,名詞,一般,*,*,*,*,探索終了,探索終了
探索場合,-1,-1,4000,名詞,一般,*,*,*,*,探索場合,探索場合
指定,-1,-1,4000,名詞,一般,*,*,*,*,指定,指定
把握こと,-1,-1,4000,名詞,一般,*,*,*,*,把握こと,把握こと
手法SA,-1,-1,4000,名詞,一般,*,*,*,*,手法SA,手法SA
感情,-1,-1,4000,名詞,一般,*,*,*,*,感情,感情
岡本ら,-1,-1,4000,名詞,一般,*,*,*,*,岡本ら,岡本ら
対話,-1,-1,4000,名詞,一般,*,*,*,*,対話,対話
報告書,-1,-1,4000,名詞,一般,*,*,*,*,報告書,報告書
報告対象,-1,-1,4000,名詞,一般,*,*,*,*,報告対象,報告対象
問題遺伝的アルゴリズム,-1,-1,4000,名詞,一般,*,*,*,*,問題遺伝的アルゴリズム,問題遺伝的アルゴリズム
周期,-1,-1,4000,名詞,一般,*,*,*,*,周期,周期
同等解,-1,-1,4000,名詞,一般,*,*,*,*,同等解,同等解
効率的,-1,-1,4000,名詞,一般,*,*,*,*,効率的,効率的
内個体,-1,-1,4000,名詞,一般,*,*,*,*,内個体,内個体
個体分布,-1,-1,4000,名詞,一般,*,*,*,*,個体分布,個体分布
信号,-1,-1,4000,名詞,一般,*,*,*,*,信号,信号
レポート知的照明,-1,-1,4000,名詞,一般,*,*,*,*,レポート知的照明,レポート知的照明
ランドスケープ,-1,-1,4000,名詞,一般,*,*,*,*,ランドスケープ,ランドスケープ
ページ,-1,-1,4000,名詞,一般,*,*,*,*,ページ,ページ
ベスト個体,-1,-1,4000,名詞,一般,*,*,*,*,ベスト個体,ベスト個体
パラメータ解,-1,-1,4000,名詞,一般,*,*,*,*,パラメータ解,パラメータ解
データベースアクセス,-1,-1,4000,名詞,一般,*,*,*,*,データベースアクセス,データベースアクセス
スレッド,-1,-1,4000,名詞,一般,*,*,*,*,スレッド,スレッド
サイト,-1,-1,4000,名詞,一般,*,*,*,*,サイト,サイト
コージェネレーションシステム,-1,-1,4000,名詞,一般,*,*,*,*,コージェネレーションシステム,コージェネレーションシステム
コンテスト,-1,-1,4000,名詞,一般,*,*,*,*,コンテスト,コンテスト
コア,-1,-1,4000,名詞,一般,*,*,*,*,コア,コア
クラスタ環境,-1,-1,4000,名詞,一般,*,*,*,*,クラスタ環境,クラスタ環境
クラスタ数,-1,-1,4000,名詞,一般,*,*,*,*,クラスタ数,クラスタ数
こと探索,-1,-1,4000,名詞,一般,*,*,*,*,こと探索,こと探索
Simple,-1,-1,4000,名詞,一般,*,*,*,*,Simple,Simple
PESA,-1,-1,4000,名詞,一般,*,*,*,*,PESA,PESA
ModelBuilding,-1,-1,4000,名詞,一般,*,*,*,*,ModelBuilding,ModelBuilding
Met,-1,-1,4000,名詞,一般,*,*,*,*,Met,Met
Genetic AlgorithmDGA,-1,-1,4000,名詞,一般,*,*,*,*,Genetic AlgorithmDGA,Genetic AlgorithmDGA
GAタンパク質,-1,-1,4000,名詞,一般,*,*,*,*,GAタンパク質,GAタンパク質
BuildingGenetic Algorithm,-1,-1,4000,名詞,一般,*,*,*,*,BuildingGenetic Algorithm,BuildingGenetic Algorithm
Building,-1,-1,4000,名詞,一般,*,*,*,*,Building,Building
調査もの,-1,-1,4000,名詞,一般,*,*,*,*,調査もの,調査もの
許容,-1,-1,4000,名詞,一般,*,*,*,*,許容,許容
設計問題,-1,-1,4000,名詞,一般,*,*,*,*,設計問題,設計問題
計算手法,-1,-1,4000,名詞,一般,*,*,*,*,計算手法,計算手法
計算モデル,-1,-1,4000,名詞,一般,*,*,*,*,計算モデル,計算モデル
計算ノード,-1,-1,4000,名詞,一般,*,*,*,*,計算ノード,計算ノード
観光問題,-1,-1,4000,名詞,一般,*,*,*,*,観光問題,観光問題
自作NCGA,-1,-1,4000,名詞,一般,*,*,*,*,自作NCGA,自作NCGA
結果設計変数,-1,-1,4000,名詞,一般,*,*,*,*,結果設計変数,結果設計変数
結果比較,-1,-1,4000,名詞,一般,*,*,*,*,結果比較,結果比較
結果エネルギー,-1,-1,4000,名詞,一般,*,*,*,*,結果エネルギー,結果エネルギー
組合せ最適化,-1,-1,4000,名詞,一般,*,*,*,*,組合せ最適化,組合せ最適化
移住率,-1,-1,4000,名詞,一般,*,*,*,*,移住率,移住率
理解,-1,-1,4000,名詞,一般,*,*,*,*,理解,理解
独立型,-1,-1,4000,名詞,一般,*,*,*,*,独立型,独立型
点灯,-1,-1,4000,名詞,一般,*,*,*,*,点灯,点灯
法適用,-1,-1,4000,名詞,一般,*,*,*,*,法適用,法適用
比較評価,-1,-1,4000,名詞,一般,*,*,*,*,比較評価,比較評価
母集団多様,-1,-1,4000,名詞,一般,*,*,*,*,母集団多様,母集団多様
機能追加,-1,-1,4000,名詞,一般,*,*,*,*,機能追加,機能追加
検証結果,-1,-1,4000,名詞,一般,*,*,*,*,検証結果,検証結果
検討対象,-1,-1,4000,名詞,一般,*,*,*,*,検討対象,検討対象
検討報告,-1,-1,4000,名詞,一般,*,*,*,*,検討報告,検討報告
最良エネルギー,-1,-1,4000,名詞,一般,*,*,*,*,最良エネルギー,最良エネルギー
数交叉,-1,-1,4000,名詞,一般,*,*,*,*,数交叉,数交叉
推定,-1,-1,4000,名詞,一般,*,*,*,*,推定,推定
手順,-1,-1,4000,名詞,一般,*,*,*,*,手順,手順
意味,-1,-1,4000,名詞,一般,*,*,*,*,意味,意味
対話型,-1,-1,4000,名詞,一般,*,*,*,*,対話型,対話型
実行方法,-1,-1,4000,名詞,一般,*,*,*,*,実行方法,実行方法
安定,-1,-1,4000,名詞,一般,*,*,*,*,安定,安定
大域的,-1,-1,4000,名詞,一般,*,*,*,*,大域的,大域的
場合近傍,-1,-1,4000,名詞,一般,*,*,*,*,場合近傍,場合近傍
報告進化,-1,-1,4000,名詞,一般,*,*,*,*,報告進化,報告進化
基盤,-1,-1,4000,名詞,一般,*,*,*,*,基盤,基盤
回避,-1,-1,4000,名詞,一般,*,*,*,*,回避,回避
回転,-1,-1,4000,名詞,一般,*,*,*,*,回転,回転
問題ため,-1,-1,4000,名詞,一般,*,*,*,*,問題ため,問題ため
取得,-1,-1,4000,名詞,一般,*,*,*,*,取得,取得
参加,-1,-1,4000,名詞,一般,*,*,*,*,参加,参加
協調フィルタ,-1,-1,4000,名詞,一般,*,*,*,*,協調フィルタ,協調フィルタ
化ため,-1,-1,4000,名詞,一般,*,*,*,*,化ため,化ため
利用最適化,-1,-1,4000,名詞,一般,*,*,*,*,利用最適化,利用最適化
初期状態,-1,-1,4000,名詞,一般,*,*,*,*,初期状態,初期状態
分散ファイル,-1,-1,4000,名詞,一般,*,*,*,*,分散ファイル,分散ファイル
出現,-1,-1,4000,名詞,一般,*,*,*,*,出現,出現
再度,-1,-1,4000,名詞,一般,*,*,*,*,再度,再度
優越,-1,-1,4000,名詞,一般,*,*,*,*,優越,優越
作成こと,-1,-1,4000,名詞,一般,*,*,*,*,作成こと,作成こと
低下,-1,-1,4000,名詞,一般,*,*,*,*,低下,低下
似顔絵,-1,-1,4000,名詞,一般,*,*,*,*,似顔絵,似顔絵
会話,-1,-1,4000,名詞,一般,*,*,*,*,会話,会話
仮想,-1,-1,4000,名詞,一般,*,*,*,*,仮想,仮想
付加,-1,-1,4000,名詞,一般,*,*,*,*,付加,付加
京都観光,-1,-1,4000,名詞,一般,*,*,*,*,京都観光,京都観光
並列実行,-1,-1,4000,名詞,一般,*,*,*,*,並列実行,並列実行
モデル解,-1,-1,4000,名詞,一般,*,*,*,*,モデル解,モデル解
モデル構築,-1,-1,4000,名詞,一般,*,*,*,*,モデル構築,モデル構築
ビットストリング,-1,-1,4000,名詞,一般,*,*,*,*,ビットストリング,ビットストリング
パレート解,-1,-1,4000,名詞,一般,*,*,*,*,パレート解,パレート解
ネットワーク問題,-1,-1,4000,名詞,一般,*,*,*,*,ネットワーク問題,ネットワーク問題
トラス構造,-1,-1,4000,名詞,一般,*,*,*,*,トラス構造,トラス構造
データマイニング,-1,-1,4000,名詞,一般,*,*,*,*,データマイニング,データマイニング
ディレクトリ,-1,-1,4000,名詞,一般,*,*,*,*,ディレクトリ,ディレクトリ
ストリング,-1,-1,4000,名詞,一般,*,*,*,*,ストリング,ストリング
アミ残,-1,-1,4000,名詞,一般,*,*,*,*,アミ残,アミ残
アミノ酸残,-1,-1,4000,名詞,一般,*,*,*,*,アミノ酸残,アミノ酸残
アミ,-1,-1,4000,名詞,一般,*,*,*,*,アミ,アミ
よう問題,-1,-1,4000,名詞,一般,*,*,*,*,よう問題,よう問題
どちら,-1,-1,4000,名詞,一般,*,*,*,*,どちら,どちら
ingcpl,-1,-1,4000,名詞,一般,*,*,*,*,ingcpl,ingcpl
ga2k解,-1,-1,4000,名詞,一般,*,*,*,*,ga2k解,ga2k解
Web,-1,-1,4000,名詞,一般,*,*,*,*,Web,Web
Sorting,-1,-1,4000,名詞,一般,*,*,*,*,Sorting,Sorting
ScaLAPACKコスト,-1,-1,4000,名詞,一般,*,*,*,*,ScaLAPACKコスト,ScaLAPACKコスト
SAAN,-1,-1,4000,名詞,一般,*,*,*,*,SAAN,SAAN
RPC実行,-1,-1,4000,名詞,一般,*,*,*,*,RPC実行,RPC実行
PSAAT,-1,-1,4000,名詞,一般,*,*,*,*,PSAAT,PSAAT
Objective,-1,-1,4000,名詞,一般,*,*,*,*,Objective,Objective
MGG,-1,-1,4000,名詞,一般,*,*,*,*,MGG,MGG
JSP,-1,-1,4000,名詞,一般,*,*,*,*,JSP,JSP
JAVA,-1,-1,4000,名詞,一般,*,*,*,*,JAVA,JAVA
HighPerformance,-1,-1,4000,名詞,一般,*,*,*,*,HighPerformance,HighPerformance
GA手法,-1,-1,4000,名詞,一般,*,*,*,*,GA手法,GA手法
GAc性能,-1,-1,4000,名詞,一般,*,*,*,*,GAc性能,GAc性能
DGABCX,-1,-1,4000,名詞,一般,*,*,*,*,DGABCX,DGABCX
Benchmark計測,-1,-1,4000,名詞,一般,*,*,*,*,Benchmark計測,Benchmark計測
領域外,-1,-1,4000,名詞,一般,*,*,*,*,領域外,領域外
関係考慮,-1,-1,4000,名詞,一般,*,*,*,*,関係考慮,関係考慮
重要こと,-1,-1,4000,名詞,一般,*,*,*,*,重要こと,重要こと
遺伝的アルゴリズム適用,-1,-1,4000,名詞,一般,*,*,*,*,遺伝的アルゴリズム適用,遺伝的アルゴリズム適用
適用こと,-1,-1,4000,名詞,一般,*,*,*,*,適用こと,適用こと
近傍調節,-1,-1,4000,名詞,一般,*,*,*,*,近傍調節,近傍調節
近傍パラメータ,-1,-1,4000,名詞,一般,*,*,*,*,近傍パラメータ,近傍パラメータ
論文概要,-1,-1,4000,名詞,一般,*,*,*,*,論文概要,論文概要
設計空間,-1,-1,4000,名詞,一般,*,*,*,*,設計空間,設計空間
計算力,-1,-1,4000,名詞,一般,*,*,*,*,計算力,計算力
計算システム,-1,-1,4000,名詞,一般,*,*,*,*,計算システム,計算システム
計算コスト,-1,-1,4000,名詞,一般,*,*,*,*,計算コスト,計算コスト
解決ため,-1,-1,4000,名詞,一般,*,*,*,*,解決ため,解決ため
自己組織,-1,-1,4000,名詞,一般,*,*,*,*,自己組織,自己組織
自作分散,-1,-1,4000,名詞,一般,*,*,*,*,自作分散,自作分散
結果Met,-1,-1,4000,名詞,一般,*,*,*,*,結果Met,結果Met
組織化,-1,-1,4000,名詞,一般,*,*,*,*,組織化,組織化
組み合わせ交叉,-1,-1,4000,名詞,一般,*,*,*,*,組み合わせ交叉,組み合わせ交叉
終了時,-1,-1,4000,名詞,一般,*,*,*,*,終了時,終了時
等化フィルタ,-1,-1,4000,名詞,一般,*,*,*,*,等化フィルタ,等化フィルタ
等化,-1,-1,4000,名詞,一般,*,*,*,*,等化,等化
立体構造エネルギ,-1,-1,4000,名詞,一般,*,*,*,*,立体構造エネルギ,立体構造エネルギ
確認こと,-1,-1,4000,名詞,一般,*,*,*,*,確認こと,確認こと
確率的,-1,-1,4000,名詞,一般,*,*,*,*,確率的,確率的
短縮,-1,-1,4000,名詞,一般,*,*,*,*,短縮,短縮
相当,-1,-1,4000,名詞,一般,*,*,*,*,相当,相当
的手法,-1,-1,4000,名詞,一般,*,*,*,*,的手法,的手法
現状,-1,-1,4000,名詞,一般,*,*,*,*,現状,現状
照明照度,-1,-1,4000,名詞,一般,*,*,*,*,照明照度,照明照度
照明システム,-1,-1,4000,名詞,一般,*,*,*,*,照明システム,照明システム
灯可視,-1,-1,4000,名詞,一般,*,*,*,*,灯可視,灯可視
構築方法,-1,-1,4000,名詞,一般,*,*,*,*,構築方法,構築方法
概要インストール,-1,-1,4000,名詞,一般,*,*,*,*,概要インストール,概要インストール
格納,-1,-1,4000,名詞,一般,*,*,*,*,格納,格納
染色体長,-1,-1,4000,名詞,一般,*,*,*,*,染色体長,染色体長
本手法,-1,-1,4000,名詞,一般,*,*,*,*,本手法,本手法
最良組み合わせ,-1,-1,4000,名詞,一般,*,*,*,*,最良組み合わせ,最良組み合わせ
普及,-1,-1,4000,名詞,一般,*,*,*,*,普及,普及
時間測定,-1,-1,4000,名詞,一般,*,*,*,*,時間測定,時間測定
数，,-1,-1,4000,名詞,一般,*,*,*,*,数，,数，
数分散,-1,-1,4000,名詞,一般,*,*,*,*,数分散,数分散
数こと,-1,-1,4000,名詞,一般,*,*,*,*,数こと,数こと
提案評価,-1,-1,4000,名詞,一般,*,*,*,*,提案評価,提案評価
挙動,-1,-1,4000,名詞,一般,*,*,*,*,挙動,挙動
手法解,-1,-1,4000,名詞,一般,*,*,*,*,手法解,手法解
手法こと,-1,-1,4000,名詞,一般,*,*,*,*,手法こと,手法こと
意思決定,-1,-1,4000,名詞,一般,*,*,*,*,意思決定,意思決定
性能比較実験,-1,-1,4000,名詞,一般,*,*,*,*,性能比較実験,性能比較実験
影響の,-1,-1,4000,名詞,一般,*,*,*,*,影響の,影響の
広域分散,-1,-1,4000,名詞,一般,*,*,*,*,広域分散,広域分散
履歴比較,-1,-1,4000,名詞,一般,*,*,*,*,履歴比較,履歴比較
対比較,-1,-1,4000,名詞,一般,*,*,*,*,対比較,対比較
実装検討,-1,-1,4000,名詞,一般,*,*,*,*,実装検討,実装検討
実現ため,-1,-1,4000,名詞,一般,*,*,*,*,実現ため,実現ため
子個体,-1,-1,4000,名詞,一般,*,*,*,*,子個体,子個体
外個体,-1,-1,4000,名詞,一般,*,*,*,*,外個体,外個体
変化解,-1,-1,4000,名詞,一般,*,*,*,*,変化解,変化解
変化こと,-1,-1,4000,名詞,一般,*,*,*,*,変化こと,変化こと
回数解,-1,-1,4000,名詞,一般,*,*,*,*,回数解,回数解
嗜好,-1,-1,4000,名詞,一般,*,*,*,*,嗜好,嗜好
各種,-1,-1,4000,名詞,一般,*,*,*,*,各種,各種
収束速度,-1,-1,4000,名詞,一般,*,*,*,*,収束速度,収束速度
双方,-1,-1,4000,名詞,一般,*,*,*,*,双方,双方
効果検証,-1,-1,4000,名詞,一般,*,*,*,*,効果検証,効果検証
効果こと,-1,-1,4000,名詞,一般,*,*,*,*,効果こと,効果こと
割り当て,-1,-1,4000,名詞,一般,*,*,*,*,割り当て,割り当て
利得等化,-1,-1,4000,名詞,一般,*,*,*,*,利得等化,利得等化
作業,-1,-1,4000,名詞,一般,*,*,*,*,作業,作業
体長,-1,-1,4000,名詞,一般,*,*,*,*,体長,体長
交換,-1,-1,4000,名詞,一般,*,*,*,*,交換,交換
上アプリケーション,-1,-1,4000,名詞,一般,*,*,*,*,上アプリケーション,上アプリケーション
一対,-1,-1,4000,名詞,一般,*,*,*,*,一対,一対
ユーザー,-1,-1,4000,名詞,一般,*,*,*,*,ユーザー,ユーザー
ペナルティ法,-1,-1,4000,名詞,一般,*,*,*,*,ペナルティ法,ペナルティ法
プロジェクト,-1,-1,4000,名詞,一般,*,*,*,*,プロジェクト,プロジェクト
パラメータ設定,-1,-1,4000,名詞,一般,*,*,*,*,パラメータ設定,パラメータ設定
トポロジ,-1,-1,4000,名詞,一般,*,*,*,*,トポロジ,トポロジ
ダイクストラ法,-1,-1,4000,名詞,一般,*,*,*,*,ダイクストラ法,ダイクストラ法
スピード,-1,-1,4000,名詞,一般,*,*,*,*,スピード,スピード
スケール,-1,-1,4000,名詞,一般,*,*,*,*,スケール,スケール
アーカイブサイズ,-1,-1,4000,名詞,一般,*,*,*,*,アーカイブサイズ,アーカイブサイズ
アルゴリズム提案,-1,-1,4000,名詞,一般,*,*,*,*,アルゴリズム提案,アルゴリズム提案
こと良好,-1,-1,4000,名詞,一般,*,*,*,*,こと良好,こと良好
こと困難,-1,-1,4000,名詞,一般,*,*,*,*,こと困難,こと困難
ことこと,-1,-1,4000,名詞,一般,*,*,*,*,ことこと,ことこと
ga2kパラメータ,-1,-1,4000,名詞,一般,*,*,*,*,ga2kパラメータ,ga2kパラメータ
SortingGenetic Algorithm,-1,-1,4000,名詞,一般,*,*,*,*,SortingGenetic Algorithm,SortingGenetic Algorithm
SA同等,-1,-1,4000,名詞,一般,*,*,*,*,SA同等,SA同等
関連研究,-1,-1,4000,名詞,一般,*,*,*,*,関連研究,関連研究
選択手法,-1,-1,4000,名詞,一般,*,*,*,*,選択手法,選択手法
選択交叉,-1,-1,4000,名詞,一般,*,*,*,*,選択交叉,選択交叉
適用有効,-1,-1,4000,名詞,一般,*,*,*,*,適用有効,適用有効
適用モデル,-1,-1,4000,名詞,一般,*,*,*,*,適用モデル,適用モデル
評価手法,-1,-1,4000,名詞,一般,*,*,*,*,評価手法,評価手法
評価ため,-1,-1,4000,名詞,一般,*,*,*,*,評価ため,評価ため
解抽出,-1,-1,4000,名詞,一般,*,*,*,*,解抽出,解抽出
解変動,-1,-1,4000,名詞,一般,*,*,*,*,解変動,解変動
色系,-1,-1,4000,名詞,一般,*,*,*,*,色系,色系
結果同等,-1,-1,4000,名詞,一般,*,*,*,*,結果同等,結果同等
生成方法,-1,-1,4000,名詞,一般,*,*,*,*,生成方法,生成方法
生成手法,-1,-1,4000,名詞,一般,*,*,*,*,生成手法,生成手法
環境構築,-1,-1,4000,名詞,一般,*,*,*,*,環境構築,環境構築
率変化,-1,-1,4000,名詞,一般,*,*,*,*,率変化,率変化
特徴量,-1,-1,4000,名詞,一般,*,*,*,*,特徴量,特徴量
点点,-1,-1,4000,名詞,一般,*,*,*,*,点点,点点
比較ところ,-1,-1,4000,名詞,一般,*,*,*,*,比較ところ,比較ところ
概要論文,-1,-1,4000,名詞,一般,*,*,*,*,概要論文,概要論文
検討ため,-1,-1,4000,名詞,一般,*,*,*,*,検討ため,検討ため
条件場合,-1,-1,4000,名詞,一般,*,*,*,*,条件場合,条件場合
最適解到達,-1,-1,4000,名詞,一般,*,*,*,*,最適解到達,最適解到達
時間こと,-1,-1,4000,名詞,一般,*,*,*,*,時間こと,時間こと
提案モデル,-1,-1,4000,名詞,一般,*,*,*,*,提案モデル,提案モデル
探索メカニズム,-1,-1,4000,名詞,一般,*,*,*,*,探索メカニズム,探索メカニズム
抽出解,-1,-1,4000,名詞,一般,*,*,*,*,抽出解,抽出解
手法遺伝的アルゴリズム,-1,-1,4000,名詞,一般,*,*,*,*,手法遺伝的アルゴリズム,手法遺伝的アルゴリズム
手法調査,-1,-1,4000,名詞,一般,*,*,*,*,手法調査,手法調査
情報管理,-1,-1,4000,名詞,一般,*,*,*,*,情報管理,情報管理
必要ため,-1,-1,4000,名詞,一般,*,*,*,*,必要ため,必要ため
幅調節,-1,-1,4000,名詞,一般,*,*,*,*,幅調節,幅調節
幅設定,-1,-1,4000,名詞,一般,*,*,*,*,幅設定,幅設定
実装プログラム,-1,-1,4000,名詞,一般,*,*,*,*,実装プログラム,実装プログラム
多目的進化,-1,-1,4000,名詞,一般,*,*,*,*,多目的進化,多目的進化
報告前回,-1,-1,4000,名詞,一般,*,*,*,*,報告前回,報告前回
報告ISDL,-1,-1,4000,名詞,一般,*,*,*,*,報告ISDL,報告ISDL
報告GA,-1,-1,4000,名詞,一般,*,*,*,*,報告GA,報告GA
型進化,-1,-1,4000,名詞,一般,*,*,*,*,型進化,型進化
同一解,-1,-1,4000,名詞,一般,*,*,*,*,同一解,同一解
化ツール,-1,-1,4000,名詞,一般,*,*,*,*,化ツール,化ツール
分散環境,-1,-1,4000,名詞,一般,*,*,*,*,分散環境,分散環境
分布交叉,-1,-1,4000,名詞,一般,*,*,*,*,分布交叉,分布交叉
分割法,-1,-1,4000,名詞,一般,*,*,*,*,分割法,分割法
共同研究,-1,-1,4000,名詞,一般,*,*,*,*,共同研究,共同研究
個体評価,-1,-1,4000,名詞,一般,*,*,*,*,個体評価,個体評価
個体個体,-1,-1,4000,名詞,一般,*,*,*,*,個体個体,個体個体
個体ランダム,-1,-1,4000,名詞,一般,*,*,*,*,個体ランダム,個体ランダム
個体あたり,-1,-1,4000,名詞,一般,*,*,*,*,個体あたり,個体あたり
個体MCsweep,-1,-1,4000,名詞,一般,*,*,*,*,個体MCsweep,個体MCsweep
体あたりMCsweep,-1,-1,4000,名詞,一般,*,*,*,*,体あたりMCsweep,体あたりMCsweep
交叉突然変異,-1,-1,4000,名詞,一般,*,*,*,*,交叉突然変異,交叉突然変異
交叉点数,-1,-1,4000,名詞,一般,*,*,*,*,交叉点数,交叉点数
交叉個体,-1,-1,4000,名詞,一般,*,*,*,*,交叉個体,交叉個体
三角形分割,-1,-1,4000,名詞,一般,*,*,*,*,三角形分割,三角形分割
モデル適用,-1,-1,4000,名詞,一般,*,*,*,*,モデル適用,モデル適用
モデルGA,-1,-1,4000,名詞,一般,*,*,*,*,モデルGA,モデルGA
ドロネー三角形,-1,-1,4000,名詞,一般,*,*,*,*,ドロネー三角形,ドロネー三角形
ストリング型,-1,-1,4000,名詞,一般,*,*,*,*,ストリング型,ストリング型
ステップ数,-1,-1,4000,名詞,一般,*,*,*,*,ステップ数,ステップ数
システム評価,-1,-1,4000,名詞,一般,*,*,*,*,システム評価,システム評価
システム概要,-1,-1,4000,名詞,一般,*,*,*,*,システム概要,システム概要
クラスター,-1,-1,4000,名詞,一般,*,*,*,*,クラスター,クラスター
アプリケーション連携,-1,-1,4000,名詞,一般,*,*,*,*,アプリケーション連携,アプリケーション連携
よう影響,-1,-1,4000,名詞,一般,*,*,*,*,よう影響,よう影響
これ研究,-1,-1,4000,名詞,一般,*,*,*,*,これ研究,これ研究
こと目標,-1,-1,4000,名詞,一般,*,*,*,*,こと目標,こと目標
slaveモデル,-1,-1,4000,名詞,一般,*,*,*,*,slaveモデル,slaveモデル
mating選択,-1,-1,4000,名詞,一般,*,*,*,*,mating選択,mating選択
Toolkitインストール,-1,-1,4000,名詞,一般,*,*,*,*,Toolkitインストール,Toolkitインストール
TSP,-1,-1,4000,名詞,一般,*,*,*,*,TSP,TSP
SA解,-1,-1,4000,名詞,一般,*,*,*,*,SA解,SA解
RosenbrockRidge,-1,-1,4000,名詞,一般,*,*,*,*,RosenbrockRidge,RosenbrockRidge
Proteinエネルギー,-1,-1,4000,名詞,一般,*,*,*,*,Proteinエネルギー,Proteinエネルギー
NN利用,-1,-1,4000,名詞,一般,*,*,*,*,NN利用,NN利用
Masterslave,-1,-1,4000,名詞,一般,*,*,*,*,Masterslave,Masterslave
MGGDGA,-1,-1,4000,名詞,一般,*,*,*,*,MGGDGA,MGGDGA
MCsweepMCsweep,-1,-1,4000,名詞,一般,*,*,*,*,MCsweepMCsweep,MCsweepMCsweep
Hocgreedy,-1,-1,4000,名詞,一般,*,*,*,*,Hocgreedy,Hocgreedy
GA探索,-1,-1,4000,名詞,一般,*,*,*,*,GA探索,GA探索
GAc解,-1,-1,4000,名詞,一般,*,*,*,*,GAc解,GAc解
GANN,-1,-1,4000,名詞,一般,*,*,*,*,GANN,GANN
GAGA,-1,-1,4000,名詞,一般,*,*,*,*,GAGA,GAGA
CMX,-1,-1,4000,名詞,一般,*,*,*,*,CMX,CMX
非常重要,-1,-1,4000,名詞,一般,*,*,*,*,非常重要,非常重要
関数評価,-1,-1,4000,名詞,一般,*,*,*,*,関数評価,関数評価
関数設計変数,-1,-1,4000,名詞,一般,*,*,*,*,関数設計変数,関数設計変数
関数対象,-1,-1,4000,名詞,一般,*,*,*,*,関数対象,関数対象
遺伝的アルゴリズム手法,-1,-1,4000,名詞,一般,*,*,*,*,遺伝的アルゴリズム手法,遺伝的アルゴリズム手法
遺伝的アルゴリズム分散,-1,-1,4000,名詞,一般,*,*,*,*,遺伝的アルゴリズム分散,遺伝的アルゴリズム分散
遺伝的アルゴリズム世代,-1,-1,4000,名詞,一般,*,*,*,*,遺伝的アルゴリズム世代,遺伝的アルゴリズム世代
遺伝的アルゴリズムga2k,-1,-1,4000,名詞,一般,*,*,*,*,遺伝的アルゴリズムga2k,遺伝的アルゴリズムga2k
遺伝的アルゴリズムProbabilistic,-1,-1,4000,名詞,一般,*,*,*,*,遺伝的アルゴリズムProbabilistic,遺伝的アルゴリズムProbabilistic
適用解,-1,-1,4000,名詞,一般,*,*,*,*,適用解,適用解
適用SA,-1,-1,4000,名詞,一般,*,*,*,*,適用SA,適用SA
連続問題,-1,-1,4000,名詞,一般,*,*,*,*,連続問題,連続問題
近傍設計,-1,-1,4000,名詞,一般,*,*,*,*,近傍設計,近傍設計
近傍設定,-1,-1,4000,名詞,一般,*,*,*,*,近傍設定,近傍設定
近傍探索,-1,-1,4000,名詞,一般,*,*,*,*,近傍探索,近傍探索
近似解法,-1,-1,4000,名詞,一般,*,*,*,*,近似解法,近似解法
資源利用,-1,-1,4000,名詞,一般,*,*,*,*,資源利用,資源利用
設計指針,-1,-1,4000,名詞,一般,*,*,*,*,設計指針,設計指針
親個体,-1,-1,4000,名詞,一般,*,*,*,*,親個体,親個体
規模タンパク質,-1,-1,4000,名詞,一般,*,*,*,*,規模タンパク質,規模タンパク質
要素相当,-1,-1,4000,名詞,一般,*,*,*,*,要素相当,要素相当
良好個体,-1,-1,4000,名詞,一般,*,*,*,*,良好個体,良好個体
結果解,-1,-1,4000,名詞,一般,*,*,*,*,結果解,結果解
立体構造予測問題,-1,-1,4000,名詞,一般,*,*,*,*,立体構造予測問題,立体構造予測問題
相当応力,-1,-1,4000,名詞,一般,*,*,*,*,相当応力,相当応力
理論値,-1,-1,4000,名詞,一般,*,*,*,*,理論値,理論値
率こと,-1,-1,4000,名詞,一般,*,*,*,*,率こと,率こと
物最適化,-1,-1,4000,名詞,一般,*,*,*,*,物最適化,物最適化
法知的照明,-1,-1,4000,名詞,一般,*,*,*,*,法知的照明,法知的照明
次元連続,-1,-1,4000,名詞,一般,*,*,*,*,次元連続,次元連続
次元数,-1,-1,4000,名詞,一般,*,*,*,*,次元数,次元数
機能分担,-1,-1,4000,名詞,一般,*,*,*,*,機能分担,機能分担
機能こと,-1,-1,4000,名詞,一般,*,*,*,*,機能こと,機能こと
構築際,-1,-1,4000,名詞,一般,*,*,*,*,構築際,構築際
染色体,-1,-1,4000,名詞,一般,*,*,*,*,染色体,染色体
最終的,-1,-1,4000,名詞,一般,*,*,*,*,最終的,最終的
文献調査文献,-1,-1,4000,名詞,一般,*,*,*,*,文献調査文献,文献調査文献
操作実行,-1,-1,4000,名詞,一般,*,*,*,*,操作実行,操作実行
提案有効,-1,-1,4000,名詞,一般,*,*,*,*,提案有効,提案有効
探索領域,-1,-1,4000,名詞,一般,*,*,*,*,探索領域,探索領域
探索点,-1,-1,4000,名詞,一般,*,*,*,*,探索点,探索点
探索アルゴリズム,-1,-1,4000,名詞,一般,*,*,*,*,探索アルゴリズム,探索アルゴリズム
性能計測,-1,-1,4000,名詞,一般,*,*,*,*,性能計測,性能計測
性能影響,-1,-1,4000,名詞,一般,*,*,*,*,性能影響,性能影響
影響検討,-1,-1,4000,名詞,一般,*,*,*,*,影響検討,影響検討
度調査,-1,-1,4000,名詞,一般,*,*,*,*,度調査,度調査
島分割,-1,-1,4000,名詞,一般,*,*,*,*,島分割,島分割
実験対象,-1,-1,4000,名詞,一般,*,*,*,*,実験対象,実験対象
実装こと,-1,-1,4000,名詞,一般,*,*,*,*,実装こと,実装こと
多目的離散,-1,-1,4000,名詞,一般,*,*,*,*,多目的離散,多目的離散
変化検討,-1,-1,4000,名詞,一般,*,*,*,*,変化検討,変化検討
場合比較,-1,-1,4000,名詞,一般,*,*,*,*,場合比較,場合比較
場合エネルギー,-1,-1,4000,名詞,一般,*,*,*,*,場合エネルギー,場合エネルギー
報告論文,-1,-1,4000,名詞,一般,*,*,*,*,報告論文,報告論文
報告報告,-1,-1,4000,名詞,一般,*,*,*,*,報告報告,報告報告
報告交叉,-1,-1,4000,名詞,一般,*,*,*,*,報告交叉,報告交叉
報告Web,-1,-1,4000,名詞,一般,*,*,*,*,報告Web,報告Web
困難問題,-1,-1,4000,名詞,一般,*,*,*,*,困難問題,困難問題
噴射スケジューリング,-1,-1,4000,名詞,一般,*,*,*,*,噴射スケジューリング,噴射スケジューリング
問題解,-1,-1,4000,名詞,一般,*,*,*,*,問題解,問題解
問題提案,-1,-1,4000,名詞,一般,*,*,*,*,問題提案,問題提案
受理確率,-1,-1,4000,名詞,一般,*,*,*,*,受理確率,受理確率
化交叉,-1,-1,4000,名詞,一般,*,*,*,*,化交叉,化交叉
前回レポート,-1,-1,4000,名詞,一般,*,*,*,*,前回レポート,前回レポート
分担仮説,-1,-1,4000,名詞,一般,*,*,*,*,分担仮説,分担仮説
分割島,-1,-1,4000,名詞,一般,*,*,*,*,分割島,分割島
処理時間,-1,-1,4000,名詞,一般,*,*,*,*,処理時間,処理時間
値エネルギー,-1,-1,4000,名詞,一般,*,*,*,*,値エネルギー,値エネルギー
値RMSD,-1,-1,4000,名詞,一般,*,*,*,*,値RMSD,値RMSD
個体検討,-1,-1,4000,名詞,一般,*,*,*,*,個体検討,個体検討
作成ネットワーク,-1,-1,4000,名詞,一般,*,*,*,*,作成ネットワーク,作成ネットワーク
位相構造最適化,-1,-1,4000,名詞,一般,*,*,*,*,位相構造最適化,位相構造最適化
似顔絵作成,-1,-1,4000,名詞,一般,*,*,*,*,似顔絵作成,似顔絵作成
今回対象,-1,-1,4000,名詞,一般,*,*,*,*,今回対象,今回対象
交叉設計変数,-1,-1,4000,名詞,一般,*,*,*,*,交叉設計変数,交叉設計変数
交叉点,-1,-1,4000,名詞,一般,*,*,*,*,交叉点,交叉点
主観アノテーション,-1,-1,4000,名詞,一般,*,*,*,*,主観アノテーション,主観アノテーション
並列計算,-1,-1,4000,名詞,一般,*,*,*,*,並列計算,並列計算
並列化効率,-1,-1,4000,名詞,一般,*,*,*,*,並列化効率,並列化効率
並列分散,-1,-1,4000,名詞,一般,*,*,*,*,並列分散,並列分散
ユーザ負担,-1,-1,4000,名詞,一般,*,*,*,*,ユーザ負担,ユーザ負担
モニタリングアプリケーション,-1,-1,4000,名詞,一般,*,*,*,*,モニタリングアプリケーション,モニタリングアプリケーション
ヘッド計測,-1,-1,4000,名詞,一般,*,*,*,*,ヘッド計測,ヘッド計測
ファジィ理論,-1,-1,4000,名詞,一般,*,*,*,*,ファジィ理論,ファジィ理論
ファイル転送,-1,-1,4000,名詞,一般,*,*,*,*,ファイル転送,ファイル転送
スター係数,-1,-1,4000,名詞,一般,*,*,*,*,スター係数,スター係数
システム提案,-1,-1,4000,名詞,一般,*,*,*,*,システム提案,システム提案
コーディング方法,-1,-1,4000,名詞,一般,*,*,*,*,コーディング方法,コーディング方法
アーカイブ個体,-1,-1,4000,名詞,一般,*,*,*,*,アーカイブ個体,アーカイブ個体
dMSXF性能,-1,-1,4000,名詞,一般,*,*,*,*,dMSXF性能,dMSXF性能
SimpleGA,-1,-1,4000,名詞,一般,*,*,*,*,SimpleGA,SimpleGA
NSGAⅡ,-1,-1,4000,名詞,一般,*,*,*,*,NSGAⅡ,NSGAⅡ
GA適用,-1,-1,4000,名詞,一般,*,*,*,*,GA適用,GA適用
GA性能,-1,-1,4000,名詞,一般,*,*,*,*,GA性能,GA性能
GA実装,-1,-1,4000,名詞,一般,*,*,*,*,GA実装,GA実装
Evolutionary Algorithm,-1,-1,4000,名詞,一般,*,*,*,*,Evolutionary Algorithm,Evolutionary Algorithm
AAエネルギー,-1,-1,4000,名詞,一般,*,*,*,*,AAエネルギー,AAエネルギー
黄金分割,-1,-1,4000,名詞,一般,*,*,*,*,黄金分割,黄金分割
離散テスト,-1,-1,4000,名詞,一般,*,*,*,*,離散テスト,離散テスト
関数数値,-1,-1,4000,名詞,一般,*,*,*,*,関数数値,関数数値
鎖考慮,-1,-1,4000,名詞,一般,*,*,*,*,鎖考慮,鎖考慮
重要パラメータ,-1,-1,4000,名詞,一般,*,*,*,*,重要パラメータ,重要パラメータ
適用的,-1,-1,4000,名詞,一般,*,*,*,*,適用的,適用的
連続多目的最適化,-1,-1,4000,名詞,一般,*,*,*,*,連続多目的最適化,連続多目的最適化
連続値,-1,-1,4000,名詞,一般,*,*,*,*,連続値,連続値
速度向上,-1,-1,4000,名詞,一般,*,*,*,*,速度向上,速度向上
近傍交叉,-1,-1,4000,名詞,一般,*,*,*,*,近傍交叉,近傍交叉
計測結果,-1,-1,4000,名詞,一般,*,*,*,*,計測結果,計測結果
良好性能,-1,-1,4000,名詞,一般,*,*,*,*,良好性能,良好性能
良好スキーマ,-1,-1,4000,名詞,一般,*,*,*,*,良好スキーマ,良好スキーマ
考慮個体,-1,-1,4000,名詞,一般,*,*,*,*,考慮個体,考慮個体
結果探索,-1,-1,4000,名詞,一般,*,*,*,*,結果探索,結果探索
組み合わせ立体構造予測,-1,-1,4000,名詞,一般,*,*,*,*,組み合わせ立体構造予測,組み合わせ立体構造予測
精度向上,-1,-1,4000,名詞,一般,*,*,*,*,精度向上,精度向上
確率分布,-1,-1,4000,名詞,一般,*,*,*,*,確率分布,確率分布
的計算,-1,-1,4000,名詞,一般,*,*,*,*,的計算,的計算
的構造,-1,-1,4000,名詞,一般,*,*,*,*,的構造,的構造
的多目的最適化,-1,-1,4000,名詞,一般,*,*,*,*,的多目的最適化,的多目的最適化
発見こと,-1,-1,4000,名詞,一般,*,*,*,*,発見こと,発見こと
環境下,-1,-1,4000,名詞,一般,*,*,*,*,環境下,環境下
版DGA,-1,-1,4000,名詞,一般,*,*,*,*,版DGA,版DGA
演算性能,-1,-1,4000,名詞,一般,*,*,*,*,演算性能,演算性能
温度解,-1,-1,4000,名詞,一般,*,*,*,*,温度解,温度解
池田ら,-1,-1,4000,名詞,一般,*,*,*,*,池田ら,池田ら
汎用近似,-1,-1,4000,名詞,一般,*,*,*,*,汎用近似,汎用近似
母集団島,-1,-1,4000,名詞,一般,*,*,*,*,母集団島,母集団島
構造形成,-1,-1,4000,名詞,一般,*,*,*,*,構造形成,構造形成
構築ため,-1,-1,4000,名詞,一般,*,*,*,*,構築ため,構築ため
有効機能,-1,-1,4000,名詞,一般,*,*,*,*,有効機能,有効機能
最適化結果,-1,-1,4000,名詞,一般,*,*,*,*,最適化結果,最適化結果
最適化組み合わせ,-1,-1,4000,名詞,一般,*,*,*,*,最適化組み合わせ,最適化組み合わせ
最小エネルギー,-1,-1,4000,名詞,一般,*,*,*,*,最小エネルギー,最小エネルギー
方法報告,-1,-1,4000,名詞,一般,*,*,*,*,方法報告,方法報告
数固定,-1,-1,4000,名詞,一般,*,*,*,*,数固定,数固定
提案交叉,-1,-1,4000,名詞,一般,*,*,*,*,提案交叉,提案交叉
探索法,-1,-1,4000,名詞,一般,*,*,*,*,探索法,探索法
探索数,-1,-1,4000,名詞,一般,*,*,*,*,探索数,探索数
探索序盤,-1,-1,4000,名詞,一般,*,*,*,*,探索序盤,探索序盤
探索可能,-1,-1,4000,名詞,一般,*,*,*,*,探索可能,探索可能
手法有効,-1,-1,4000,名詞,一般,*,*,*,*,手法有効,手法有効
手法探索,-1,-1,4000,名詞,一般,*,*,*,*,手法探索,手法探索
性能確認,-1,-1,4000,名詞,一般,*,*,*,*,性能確認,性能確認
性能差,-1,-1,4000,名詞,一般,*,*,*,*,性能差,性能差
従来最高,-1,-1,4000,名詞,一般,*,*,*,*,従来最高,従来最高
従来手法,-1,-1,4000,名詞,一般,*,*,*,*,従来手法,従来手法
形成率,-1,-1,4000,名詞,一般,*,*,*,*,形成率,形成率
島確率,-1,-1,4000,名詞,一般,*,*,*,*,島確率,島確率
導入こと,-1,-1,4000,名詞,一般,*,*,*,*,導入こと,導入こと
実装方法,-1,-1,4000,名詞,一般,*,*,*,*,実装方法,実装方法
実装報告,-1,-1,4000,名詞,一般,*,*,*,*,実装報告,実装報告
多目的SA,-1,-1,4000,名詞,一般,*,*,*,*,多目的SA,多目的SA
変形問題,-1,-1,4000,名詞,一般,*,*,*,*,変形問題,変形問題